timeOpen;timeClose;timeHigh;timeLow;name;open;high;low;close;volume;marketCap;circulatingSupply;timestamp
"2020-01-01T00:00:00.000Z";"2020-01-01T23:59:59.999Z";"2020-01-01T17:20:01.000Z";"2020-01-01T00:59:00.000Z";"2781";129.630655703;132.835356857;129.19828458;130.802008077;7935230330.48;14271059633.0755;109104285.5;"2020-01-01T23:59:59.999Z"
"2020-01-02T00:00:00.000Z";"2020-01-02T23:59:59.999Z";"2020-01-02T00:00:01.000Z";"2020-01-02T23:02:02.000Z";"2781";130.820037712;130.820037712;126.954910696;127.410182379;8032709256.08;13902505466.2437;109116125.62;"2020-01-02T23:59:59.999Z"
"2020-01-03T00:00:00.000Z";"2020-01-03T23:59:59.999Z";"2020-01-03T23:33:01.000Z";"2020-01-03T02:08:02.000Z";"2781";127.411261334;134.554013719;126.490019807;134.171712485;10476845358.08;14642130119.6642;109129784.87;"2020-01-03T23:59:59.999Z"
"2020-01-04T00:00:00.000Z";"2020-01-04T23:59:59.999Z";"2020-01-04T18:43:01.000Z";"2020-01-04T02:42:01.000Z";"2781";134.168523193;136.052714158;133.040551066;135.069371268;7430904515.09;14741946278.126;109143517.44;"2020-01-04T23:59:59.999Z"
"2020-01-05T00:00:00.000Z";"2020-01-05T23:59:59.999Z";"2020-01-05T19:03:00.000Z";"2020-01-05T00:01:00.000Z";"2781";135.072093991;139.410202121;135.045629195;136.276776707;7526675353.24;14875569429.664;109157039;"2020-01-05T23:59:59.999Z"
"2020-01-06T00:00:00.000Z";"2020-01-06T23:59:59.999Z";"2020-01-06T23:53:01.000Z";"2020-01-06T00:35:03.000Z";"2781";136.305547376;144.328182399;136.079631955;144.30415371;9093747120.54;15753803339.942;109170823.81;"2020-01-06T23:59:59.999Z"
"2020-01-07T00:00:00.000Z";"2020-01-07T23:59:59.999Z";"2020-01-07T21:03:01.000Z";"2020-01-07T16:04:01.000Z";"2781";144.311990223;145.001774824;140.4888772;143.543998337;9257954671.54;15672773110.1732;109184454.19;"2020-01-07T23:59:59.999Z"
"2020-01-08T00:00:00.000Z";"2020-01-08T23:59:59.999Z";"2020-01-08T01:04:01.000Z";"2020-01-08T20:46:01.000Z";"2781";143.487828532;146.828000336;138.268202336;141.258134415;9387194956.59;15425115411.4042;109198068.31;"2020-01-08T23:59:59.999Z"
"2020-01-09T00:00:00.000Z";"2020-01-09T23:59:59.999Z";"2020-01-09T01:39:01.000Z";"2020-01-09T16:40:04.000Z";"2781";141.155776805;141.393989012;136.236404404;138.979196656;7697325347.9;15178151516.9684;109211679.75;"2020-01-09T23:59:59.999Z"
"2020-01-10T00:00:00.000Z";"2020-01-10T23:59:59.999Z";"2020-01-10T18:25:04.000Z";"2020-01-10T09:49:01.000Z";"2781";138.967043356;144.167321507;135.5203966;143.963781218;9084816202.77;15724494552.6748;109225351.12;"2020-01-10T23:59:59.999Z"
"2020-01-11T00:00:00.000Z";"2020-01-11T23:59:59.999Z";"2020-01-11T17:22:00.000Z";"2020-01-11T06:22:01.000Z";"2781";143.409108237;146.480905038;142.207954733;142.927114494;9332208590.19;15613213639.7289;109238990.06;"2020-01-11T23:59:59.999Z"
"2020-01-12T00:00:00.000Z";"2020-01-12T23:59:59.999Z";"2020-01-12T19:47:00.000Z";"2020-01-12T00:06:01.000Z";"2781";143.032542583;146.145866271;142.70764568;145.873931189;8528167453.25;15937115426.2969;109252662.87;"2020-01-12T23:59:59.999Z"
"2020-01-13T00:00:00.000Z";"2020-01-13T23:59:59.999Z";"2020-01-13T00:04:02.000Z";"2020-01-13T14:35:01.000Z";"2781";146.220132646;146.791233735;142.907137969;144.226591141;8378529469.8;15759102081.3277;109266273;"2020-01-13T23:59:59.999Z"
"2020-01-14T00:00:00.000Z";"2020-01-14T23:59:59.999Z";"2020-01-14T18:16:03.000Z";"2020-01-14T00:03:01.000Z";"2781";144.25104879;167.681553672;144.0649254;165.955358611;16712318373.02;18135588270.9266;109279919.75;"2020-01-14T23:59:59.999Z"
"2020-01-15T00:00:00.000Z";"2020-01-15T23:59:59.999Z";"2020-01-15T00:56:01.000Z";"2020-01-15T05:14:02.000Z";"2781";165.73461492;170.425668392;161.109620478;166.230685102;15173694057.16;18167930410.6557;109293482.12;"2020-01-15T23:59:59.999Z"
"2020-01-16T00:00:00.000Z";"2020-01-16T23:59:59.999Z";"2020-01-16T00:11:02.000Z";"2020-01-16T03:30:00.000Z";"2781";166.332830879;167.058148664;159.709646034;164.391010988;13735193017.91;17969103320.7762;109307091.75;"2020-01-16T23:59:59.999Z"
"2020-01-17T00:00:00.000Z";"2020-01-17T23:59:59.999Z";"2020-01-17T19:21:01.000Z";"2020-01-17T00:52:01.000Z";"2781";164.489378644;173.069206686;162.775606044;170.77995796;14997091825.88;18669811575.9153;109320858.25;"2020-01-17T23:59:59.999Z"
"2020-01-18T00:00:00.000Z";"2020-01-18T23:59:59.999Z";"2020-01-18T14:44:01.000Z";"2020-01-18T06:18:01.000Z";"2781";170.747720668;178.528782319;166.789015581;175.36567147;14929342255.53;19173512822.9137;109334470.44;"2020-01-18T23:59:59.999Z"
"2020-01-19T00:00:00.000Z";"2020-01-19T23:59:59.999Z";"2020-01-19T01:37:01.000Z";"2020-01-19T13:32:03.000Z";"2781";175.467596812;177.247628512;163.676859896;166.969841975;13713374132.18;18257853531.6232;109348211.12;"2020-01-19T23:59:59.999Z"
"2020-01-20T00:00:00.000Z";"2020-01-20T23:59:59.999Z";"2020-01-20T22:49:01.000Z";"2020-01-20T13:16:01.000Z";"2781";166.904132899;169.11487959;162.331598259;167.120509335;11144529787.09;18276600991.9192;109361807.62;"2020-01-20T23:59:59.999Z"
"2020-01-21T00:00:00.000Z";"2020-01-21T23:59:59.999Z";"2020-01-21T23:13:00.000Z";"2020-01-21T20:00:01.000Z";"2781";167.060471487;169.910115785;165.819719081;169.69716391;9789369362.47;18560711557.1284;109375496.5;"2020-01-21T23:59:59.999Z"
"2020-01-22T00:00:00.000Z";"2020-01-22T23:59:59.999Z";"2020-01-22T07:31:02.000Z";"2020-01-22T13:47:02.000Z";"2781";169.608539246;171.008695889;166.774231806;168.294161709;9209827927.92;18409534609.4783;109389027.06;"2020-01-22T23:59:59.999Z"
"2020-01-23T00:00:00.000Z";"2020-01-23T23:59:59.999Z";"2020-01-23T00:07:02.000Z";"2020-01-23T19:02:02.000Z";"2781";168.295706571;168.312241207;160.295318963;162.928558428;10396868698.01;17824835899.2751;109402771.81;"2020-01-23T23:59:59.999Z"
"2020-01-24T00:00:00.000Z";"2020-01-24T23:59:59.999Z";"2020-01-24T20:00:01.000Z";"2020-01-24T11:11:01.000Z";"2781";162.899373257;164.309446677;156.749744617;163.051182861;10657671161.82;17840465424.1492;109416350.81;"2020-01-24T23:59:59.999Z"
"2020-01-25T00:00:00.000Z";"2020-01-25T23:59:59.999Z";"2020-01-25T22:32:01.000Z";"2020-01-25T01:55:01.000Z";"2781";163.067289351;163.22722698;158.632477426;161.283936353;8256956801.64;17649296255.9479;109429969.62;"2020-01-25T23:59:59.999Z"
"2020-01-26T00:00:00.000Z";"2020-01-26T23:59:59.999Z";"2020-01-26T23:19:02.000Z";"2020-01-26T02:39:02.000Z";"2781";161.176822823;168.220317249;160.281126809;168.077100489;9261861589.62;18394952134.9465;109443535.62;"2020-01-26T23:59:59.999Z"
"2020-01-27T00:00:00.000Z";"2020-01-27T23:59:59.999Z";"2020-01-27T20:16:02.000Z";"2020-01-27T09:03:03.000Z";"2781";168.008857304;172.922913631;166.901097609;170.930890433;11004476145.22;18709615890.943;109457195.5;"2020-01-27T23:59:59.999Z"
"2020-01-28T00:00:00.000Z";"2020-01-28T23:59:59.999Z";"2020-01-28T01:43:02.000Z";"2020-01-28T00:18:02.000Z";"2781";170.88486291;176.370320541;170.738064574;176.370320541;11772875063.66;19307396128.3943;109470777.56;"2020-01-28T23:59:59.999Z"
"2020-01-29T00:00:00.000Z";"2020-01-29T23:59:59.999Z";"2020-01-29T06:30:01.000Z";"2020-01-29T23:59:00.000Z";"2781";176.347887584;178.842968644;175.050337929;175.050337929;10725267310.6;19165292202.1875;109484462.75;"2020-01-29T23:59:59.999Z"
"2020-01-30T00:00:00.000Z";"2020-01-30T23:59:59.999Z";"2020-01-30T23:05:01.000Z";"2020-01-30T00:35:01.000Z";"2781";174.917704987;186.260489829;172.374633859;184.690476436;12604789338.04;20223232963.5657;109497973.87;"2020-01-30T23:59:59.999Z"
"2020-01-31T00:00:00.000Z";"2020-01-31T23:59:59.999Z";"2020-01-31T00:24:01.000Z";"2020-01-31T13:19:02.000Z";"2781";184.736902227;185.405842386;176.29681703;180.160175239;11728616393.89;19729633077.607;109511622.37;"2020-01-31T23:59:59.999Z"
"2020-02-01T00:00:00.000Z";"2020-02-01T23:59:59.999Z";"2020-02-01T23:57:02.000Z";"2020-02-01T00:04:01.000Z";"2781";180.113770906;183.845555076;179.745185298;183.673947121;11569697182.49;20116913727.9509;109525134.31;"2020-02-01T23:59:59.999Z"
"2020-02-02T00:00:00.000Z";"2020-02-02T23:59:59.999Z";"2020-02-02T12:25:01.000Z";"2020-02-02T04:14:01.000Z";"2781";183.53250583;193.080396944;180.173943963;188.617538168;14054425388.91;20660936266.9287;109538786.62;"2020-02-02T23:59:59.999Z"
"2020-02-03T00:00:00.000Z";"2020-02-03T23:59:59.999Z";"2020-02-03T01:45:02.000Z";"2020-02-03T00:06:09.000Z";"2781";188.607413495;193.436888878;188.012688899;189.865063235;12392875241.4;20800183238.206;109552452.06;"2020-02-03T23:59:59.999Z"
"2020-02-04T00:00:00.000Z";"2020-02-04T23:59:59.999Z";"2020-02-04T01:09:00.000Z";"2020-02-04T13:00:02.000Z";"2781";189.861727725;191.111489369;185.403623948;189.250602393;11714191695.06;20735478719.6275;109566249.5;"2020-02-04T23:59:59.999Z"
"2020-02-05T00:00:00.000Z";"2020-02-05T23:59:59.999Z";"2020-02-05T21:49:01.000Z";"2020-02-05T02:32:01.000Z";"2781";189.299101593;206.804001224;188.752688155;204.230244698;14865434434.93;22379510312.3186;109579804.62;"2020-02-05T23:59:59.999Z"
"2020-02-06T00:00:00.000Z";"2020-02-06T23:59:59.999Z";"2020-02-06T13:12:03.000Z";"2020-02-06T00:26:01.000Z";"2781";204.129695369;214.597709717;201.90407252;212.339079745;16425589682.52;23270983771.9064;109593503.94;"2020-02-06T23:59:59.999Z"
"2020-02-07T00:00:00.000Z";"2020-02-07T23:59:59.999Z";"2020-02-07T11:30:02.000Z";"2020-02-07T00:01:00.000Z";"2781";212.315888796;223.14093027;212.304201429;222.72606629;16673443564.3;24412375481.5021;109607177.5;"2020-02-07T23:59:59.999Z"
"2020-02-08T00:00:00.000Z";"2020-02-08T23:59:59.999Z";"2020-02-08T10:31:00.000Z";"2020-02-08T03:17:01.000Z";"2781";222.510965248;226.588093396;215.386290214;223.146521744;16741203125.07;24461492838.843;109620766.87;"2020-02-08T23:59:59.999Z"
"2020-02-09T00:00:00.000Z";"2020-02-09T23:59:59.999Z";"2020-02-09T08:23:01.000Z";"2020-02-09T00:00:01.000Z";"2781";222.982234885;229.86424688;222.982234885;228.578569991;15031356241.5;25060056858.7598;109634323.37;"2020-02-09T23:59:59.999Z"
"2020-02-10T00:00:00.000Z";"2020-02-10T23:59:59.999Z";"2020-02-10T00:10:02.000Z";"2020-02-10T12:11:01.000Z";"2781";228.549129167;229.184608833;218.080052078;223.52269963;16210008511.5;24508831902.9171;109648066.81;"2020-02-10T23:59:59.999Z"
"2020-02-11T00:00:00.000Z";"2020-02-11T23:59:59.999Z";"2020-02-11T22:35:01.000Z";"2020-02-11T04:54:01.000Z";"2781";223.38493801;236.547127792;218.61761447;235.851199501;16964695963.49;25863852652.7983;109661738.87;"2020-02-11T23:59:59.999Z"
"2020-02-12T00:00:00.000Z";"2020-02-12T23:59:59.999Z";"2020-02-12T21:11:01.000Z";"2020-02-12T00:01:01.000Z";"2781";235.89821783;272.398840133;235.896275162;265.406126106;24545049385.87;29108513969.2886;109675365.81;"2020-02-12T23:59:59.999Z"
"2020-02-13T00:00:00.000Z";"2020-02-13T23:59:59.999Z";"2020-02-13T13:39:01.000Z";"2020-02-13T09:27:01.000Z";"2781";265.052689901;273.741056753;258.922506086;268.099256044;25801317504.31;29407537084.1234;109688991.75;"2020-02-13T23:59:59.999Z"
"2020-02-14T00:00:00.000Z";"2020-02-14T23:59:59.999Z";"2020-02-14T23:58:00.000Z";"2020-02-14T07:40:01.000Z";"2781";268.023276951;285.056420339;262.762512307;284.217509609;23558253462.75;31179427622.664;109702698;"2020-02-14T23:59:59.999Z"
"2020-02-15T00:00:00.000Z";"2020-02-15T23:59:59.999Z";"2020-02-15T00:39:02.000Z";"2020-02-15T23:55:01.000Z";"2781";284.561303249;287.123696828;264.27967198;264.728585265;23682452994.32;29045044403.4449;109716313.31;"2020-02-15T23:59:59.999Z"
"2020-02-16T00:00:00.000Z";"2020-02-16T23:59:59.999Z";"2020-02-16T03:02:01.000Z";"2020-02-16T16:54:02.000Z";"2781";264.904049173;272.88243386;242.484412312;259.894703492;25152366643.37;28518254585.3635;109730033.75;"2020-02-16T23:59:59.999Z"
"2020-02-17T00:00:00.000Z";"2020-02-17T23:59:59.999Z";"2020-02-17T23:55:01.000Z";"2020-02-17T04:50:01.000Z";"2781";259.890552078;266.871240875;244.335323068;266.363446303;26024080088.85;29231690264.404;109743625.37;"2020-02-17T23:59:59.999Z"
"2020-02-18T00:00:00.000Z";"2020-02-18T23:59:59.999Z";"2020-02-18T23:35:01.000Z";"2020-02-18T13:44:01.000Z";"2781";266.508806225;283.196145102;261.46388605;281.944579134;26511477187.14;30945457816.3784;109757236.37;"2020-02-18T23:59:59.999Z"
"2020-02-19T00:00:00.000Z";"2020-02-19T23:59:59.999Z";"2020-02-19T17:31:00.000Z";"2020-02-19T23:59:02.000Z";"2781";282.036283234;283.537934246;259.763962739;259.763962739;22679414412.72;28514562065.0578;109771046.62;"2020-02-19T23:59:59.999Z"
"2020-02-20T00:00:00.000Z";"2020-02-20T23:59:59.999Z";"2020-02-20T00:41:01.000Z";"2020-02-20T13:06:01.000Z";"2781";259.819864343;263.695400951;250.951261799;257.949455024;23229828870.12;28318879771.1218;109784607.87;"2020-02-20T23:59:59.999Z"
"2020-02-21T00:00:00.000Z";"2020-02-21T23:59:59.999Z";"2020-02-21T17:21:02.000Z";"2020-02-21T00:35:02.000Z";"2781";257.891124589;267.004846018;255.689093416;265.600612524;20867593292.24;29162464509.1563;109798182.44;"2020-02-21T23:59:59.999Z"
"2020-02-22T00:00:00.000Z";"2020-02-22T23:59:59.999Z";"2020-02-22T00:32:01.000Z";"2020-02-22T07:09:02.000Z";"2781";265.551572627;266.387191881;258.913135229;262.331720974;16906032861.61;28807130265.5221;109811844.94;"2020-02-22T23:59:59.999Z"
"2020-02-23T00:00:00.000Z";"2020-02-23T23:59:59.999Z";"2020-02-23T23:59:01.000Z";"2020-02-23T01:58:00.000Z";"2781";262.278398469;273.754156046;261.960509305;273.754156046;19585998813.87;30065188433.327;109825505;"2020-02-23T23:59:59.999Z"
"2020-02-24T00:00:00.000Z";"2020-02-24T23:59:59.999Z";"2020-02-24T00:44:01.000Z";"2020-02-24T18:18:00.000Z";"2781";273.705093013;275.539514719;259.625167292;265.216417336;22400845640.3;29131114036.5722;109839030.06;"2020-02-24T23:59:59.999Z"
"2020-02-25T00:00:00.000Z";"2020-02-25T23:59:59.999Z";"2020-02-25T00:05:02.000Z";"2020-02-25T21:23:04.000Z";"2781";265.283387365;265.431474789;246.858998262;247.817592279;21878882134.05;27223398194.7017;109852565.12;"2020-02-25T23:59:59.999Z"
"2020-02-26T00:00:00.000Z";"2020-02-26T23:59:59.999Z";"2020-02-26T00:28:01.000Z";"2020-02-26T17:51:03.000Z";"2781";247.740203914;249.649704471;221.26655528;225.680265514;26235617201.08;24794645345.3129;109866253.87;"2020-02-26T23:59:59.999Z"
"2020-02-27T00:00:00.000Z";"2020-02-27T23:59:59.999Z";"2020-02-27T17:09:01.000Z";"2020-02-27T01:19:02.000Z";"2781";225.687043551;237.228921201;212.664520176;226.753395276;25645522789.77;24915636230.767;109879881.62;"2020-02-27T23:59:59.999Z"
"2020-02-28T00:00:00.000Z";"2020-02-28T23:59:59.999Z";"2020-02-28T02:14:02.000Z";"2020-02-28T12:41:00.000Z";"2781";226.987608317;234.208941042;216.346202543;226.760501479;22563530559.1;24919509264.9173;109893518.06;"2020-02-28T23:59:59.999Z"
"2020-02-29T00:00:00.000Z";"2020-02-29T23:59:59.999Z";"2020-02-29T05:18:02.000Z";"2020-02-29T23:59:02.000Z";"2781";226.83344436;232.256629075;219.84851255;219.84851255;18181296376.35;24162913195.453;109907103.37;"2020-02-29T23:59:59.999Z"
"2020-03-01T00:00:00.000Z";"2020-03-01T23:59:59.999Z";"2020-03-01T12:08:01.000Z";"2020-03-01T19:05:01.000Z";"2781";219.752677765;226.677879726;214.130438219;218.970599927;18179807469.1;24069393931.8345;109920664.87;"2020-03-01T23:59:59.999Z"
"2020-03-02T00:00:00.000Z";"2020-03-02T23:59:59.999Z";"2020-03-02T17:27:02.000Z";"2020-03-02T00:08:02.000Z";"2781";218.711624433;232.81158033;217.284286992;230.569781825;20305587789.06;25347534007.3968;109934327.94;"2020-03-02T23:59:59.999Z"
"2020-03-03T00:00:00.000Z";"2020-03-03T23:59:59.999Z";"2020-03-03T12:18:02.000Z";"2020-03-03T16:46:01.000Z";"2781";230.523964194;232.325807587;221.732660902;224.479622332;19853178572.35;24681090482.5459;109948022.12;"2020-03-03T23:59:59.999Z"
"2020-03-04T00:00:00.000Z";"2020-03-04T23:59:59.999Z";"2020-03-04T02:05:01.000Z";"2020-03-04T20:45:04.000Z";"2781";224.565344516;228.040421197;222.088881473;224.517976367;16567075208.06;24688386921.3985;109961738.12;"2020-03-04T23:59:59.999Z"
"2020-03-05T00:00:00.000Z";"2020-03-05T23:59:59.999Z";"2020-03-05T12:33:01.000Z";"2020-03-05T00:00:01.000Z";"2781";224.641887879;234.364462456;224.641887879;229.26818886;18201291785.3;25213804821.1574;109975155.94;"2020-03-05T23:59:59.999Z"
"2020-03-06T00:00:00.000Z";"2020-03-06T23:59:59.999Z";"2020-03-06T23:40:01.000Z";"2020-03-06T01:03:01.000Z";"2781";229.168427287;243.554974181;228.743582094;243.525299741;19374772256.23;26785082138.7094;109988909.44;"2020-03-06T23:59:59.999Z"
"2020-03-07T00:00:00.000Z";"2020-03-07T23:59:59.999Z";"2020-03-07T16:41:00.000Z";"2020-03-07T23:48:01.000Z";"2781";243.750192697;249.978491516;237.551288703;237.853095033;19431652027.37;26164459703.9251;110002603.5;"2020-03-07T23:59:59.999Z"
"2020-03-08T00:00:00.000Z";"2020-03-08T23:59:59.999Z";"2020-03-08T00:00:01.000Z";"2020-03-08T23:51:02.000Z";"2781";237.780692824;237.780692824;200.602989381;200.689052256;21381823651.37;22079071206.5242;110016321.06;"2020-03-08T23:59:59.999Z"
"2020-03-09T00:00:00.000Z";"2020-03-09T23:59:59.999Z";"2020-03-09T09:00:00.000Z";"2020-03-09T15:46:00.000Z";"2781";201.318494784;207.451400445;192.269899128;201.986327111;23645428606.11;22224520905.918;110029828.37;"2020-03-09T23:59:59.999Z"
"2020-03-10T00:00:00.000Z";"2020-03-10T23:59:59.999Z";"2020-03-10T13:05:03.000Z";"2020-03-10T16:02:02.000Z";"2781";202.863957927;205.714251565;198.064497432;200.767247427;18344930072.19;22093126953.1259;110043481.87;"2020-03-10T23:59:59.999Z"
"2020-03-11T00:00:00.000Z";"2020-03-11T23:59:59.999Z";"2020-03-11T01:55:03.000Z";"2020-03-11T18:20:02.000Z";"2781";200.768029684;202.954304117;184.362157522;194.868528471;16984790291.26;21446678546.1607;110057168.87;"2020-03-11T23:59:59.999Z"
"2020-03-12T00:00:00.000Z";"2020-03-12T23:59:59.999Z";"2020-03-12T00:07:00.000Z";"2020-03-12T23:56:02.000Z";"2781";194.738916665;195.147941371;111.210712286;112.347123759;22134741654.73;12366138225.0849;110070803.87;"2020-03-12T23:59:59.999Z"
"2020-03-13T00:00:00.000Z";"2020-03-13T23:59:59.999Z";"2020-03-13T02:07:02.000Z";"2020-03-13T02:35:01.000Z";"2781";112.6899948;137.429536226;95.1843005183;133.201807239;27864623060.66;14663417618.4701;110084224.25;"2020-03-13T23:59:59.999Z"
"2020-03-14T00:00:00.000Z";"2020-03-14T23:59:59.999Z";"2020-03-14T03:19:01.000Z";"2020-03-14T23:32:02.000Z";"2781";133.582473071;134.48437219;122.414475368;123.306024593;12740784545.45;13575727274.8179;110097842.5;"2020-03-14T23:59:59.999Z"
"2020-03-15T00:00:00.000Z";"2020-03-15T23:59:59.999Z";"2020-03-15T22:02:03.000Z";"2020-03-15T03:50:03.000Z";"2781";123.24606626;132.24214741;121.853652559;125.214304313;12719251812.55;13787534423.1597;110111496.44;"2020-03-15T23:59:59.999Z"
"2020-03-16T00:00:00.000Z";"2020-03-16T23:59:59.999Z";"2020-03-16T00:00:01.000Z";"2020-03-16T11:36:01.000Z";"2781";124.996113298;124.996113298;105.171442924;110.605876012;15984904589.63;12180483052.6055;110125099.06;"2020-03-16T23:59:59.999Z"
"2020-03-17T00:00:00.000Z";"2020-03-17T23:59:59.999Z";"2020-03-17T07:42:02.000Z";"2020-03-17T00:00:02.000Z";"2781";110.406784983;118.988285212;110.406784983;113.942750228;12087490572.29;12549513954.4941;110138766.44;"2020-03-17T23:59:59.999Z"
"2020-03-18T00:00:00.000Z";"2020-03-18T23:59:59.999Z";"2020-03-18T05:11:00.000Z";"2020-03-18T13:23:02.000Z";"2781";113.857645886;116.021622003;111.743113757;114.842273039;11617854008.68;12650160817.9084;110152476.81;"2020-03-18T23:59:59.999Z"
"2020-03-19T00:00:00.000Z";"2020-03-19T23:59:59.999Z";"2020-03-19T22:52:03.000Z";"2020-03-19T00:01:01.000Z";"2781";114.839824562;140.527718816;114.732866412;136.593857971;16396753275.29;15048018840.04;110166145.56;"2020-03-19T23:59:59.999Z"
"2020-03-20T00:00:00.000Z";"2020-03-20T23:59:59.999Z";"2020-03-20T10:50:06.000Z";"2020-03-20T20:33:01.000Z";"2781";136.649279112;150.853809638;122.605660253;132.737170068;18960388062.17;14624949756.7366;110179761.62;"2020-03-20T23:59:59.999Z"
"2020-03-21T00:00:00.000Z";"2020-03-21T23:59:59.999Z";"2020-03-21T21:13:01.000Z";"2020-03-21T11:22:01.000Z";"2781";133.101765752;135.972415782;127.163757137;132.818707849;13684083307.75;14635764102.3456;110193543.81;"2020-03-21T23:59:59.999Z"
"2020-03-22T00:00:00.000Z";"2020-03-22T23:59:59.999Z";"2020-03-22T06:08:04.000Z";"2020-03-22T23:49:01.000Z";"2781";132.851142442;136.151645021;122.909336412;123.321147745;12497707223.58;13590860527.4882;110207055.12;"2020-03-22T23:59:59.999Z"
"2020-03-23T00:00:00.000Z";"2020-03-23T23:59:59.999Z";"2020-03-23T23:59:03.000Z";"2020-03-23T09:39:02.000Z";"2781";123.365981102;134.911612009;121.867883775;134.911612009;14149877968.15;14870079034.5566;110220898.06;"2020-03-23T23:59:59.999Z"
"2020-03-24T00:00:00.000Z";"2020-03-24T23:59:59.999Z";"2020-03-24T09:44:02.000Z";"2020-03-24T05:57:01.000Z";"2781";135.194133653;141.94853261;133.168776064;138.761445013;14609068673.49;15296295171.1995;110234475.94;"2020-03-24T23:59:59.999Z"
"2020-03-25T00:00:00.000Z";"2020-03-25T23:59:59.999Z";"2020-03-25T10:08:00.000Z";"2020-03-25T21:59:02.000Z";"2781";138.914967306;141.403786497;134.304231776;136.195892908;13433092919.86;15015344149.514;110248142.06;"2020-03-25T23:59:59.999Z"
"2020-03-26T00:00:00.000Z";"2020-03-26T23:59:59.999Z";"2020-03-26T23:31:01.000Z";"2020-03-26T15:17:03.000Z";"2781";136.190680372;138.830572735;134.886035886;138.361557339;11367261176.01;15255985585.5517;110261736.56;"2020-03-26T23:59:59.999Z"
"2020-03-27T00:00:00.000Z";"2020-03-27T23:59:59.999Z";"2020-03-27T04:11:06.000Z";"2020-03-27T23:59:00.000Z";"2781";138.369931635;139.902697099;133.937940192;133.937940192;11396286629.3;14770071749.7382;110275488.25;"2020-03-27T23:59:59.999Z"
"2020-03-28T00:00:00.000Z";"2020-03-28T23:59:59.999Z";"2020-03-28T00:00:03.000Z";"2020-03-28T04:08:00.000Z";"2781";134.032739614;134.032739614;126.962190407;130.986494884;12162403960.39;14446379742.8904;110289077.94;"2020-03-28T23:59:59.999Z"
"2020-03-29T00:00:00.000Z";"2020-03-29T23:59:59.999Z";"2020-03-29T00:03:04.000Z";"2020-03-29T20:28:00.000Z";"2781";131.015337153;131.174080408;125.450053646;125.583730441;9938133668.53;13852241607.2783;110302835.87;"2020-03-29T23:59:59.999Z"
"2020-03-30T00:00:00.000Z";"2020-03-30T23:59:59.999Z";"2020-03-30T23:24:05.000Z";"2020-03-30T00:10:03.000Z";"2781";125.577896504;133.91147088;125.289680097;132.904538063;11841123306.42;14661550830.5499;110316404.87;"2020-03-30T23:59:59.999Z"
"2020-03-31T00:00:00.000Z";"2020-03-31T23:59:59.999Z";"2020-03-31T22:03:00.000Z";"2020-03-31T05:04:07.000Z";"2781";132.820922397;134.274135643;131.652891555;133.593565057;11065246316.98;14739376437.832;110329988.06;"2020-03-31T23:59:59.999Z"
"2020-04-01T00:00:00.000Z";"2020-04-01T23:59:59.999Z";"2020-04-01T23:59:03.000Z";"2020-04-01T16:57:02.000Z";"2781";133.612324512;135.634552336;129.730944345;135.634552336;12456564434.67;14966424710.3319;110343746.87;"2020-04-01T23:59:59.999Z"
"2020-04-02T00:00:00.000Z";"2020-04-02T23:59:59.999Z";"2020-04-02T17:34:03.000Z";"2020-04-02T00:00:05.000Z";"2781";135.732172896;146.787092408;135.732172896;142.029147631;15322861686.06;15673960168.7607;110357348.69;"2020-04-02T23:59:59.999Z"
"2020-04-03T00:00:00.000Z";"2020-04-03T23:59:59.999Z";"2020-04-03T12:14:03.000Z";"2020-04-03T16:28:03.000Z";"2781";142.11045061;146.899878532;139.619379341;142.091309874;13184603401.92;15682757537.5282;110370982.94;"2020-04-03T23:59:59.999Z"
"2020-04-04T00:00:00.000Z";"2020-04-04T23:59:59.999Z";"2020-04-04T23:55:05.000Z";"2020-04-04T03:32:03.000Z";"2781";142.215184398;145.377306567;140.121829255;145.219384622;11946658256.7;16029973618.0818;110384530.69;"2020-04-04T23:59:59.999Z"
"2020-04-05T00:00:00.000Z";"2020-04-05T23:59:59.999Z";"2020-04-05T00:40:03.000Z";"2020-04-05T17:23:05.000Z";"2781";145.261015263;146.128521099;142.102077702;143.54664871;11280993590.85;15847283514.1155;110398143.44;"2020-04-05T23:59:59.999Z"
"2020-04-06T00:00:00.000Z";"2020-04-06T23:59:59.999Z";"2020-04-06T23:58:04.000Z";"2020-04-06T00:01:00.000Z";"2781";143.608209519;169.272648648;143.544606813;169.135884595;21636382525.1;18674571701.0477;110411647.69;"2020-04-06T23:59:59.999Z"
"2020-04-07T00:00:00.000Z";"2020-04-07T23:59:59.999Z";"2020-04-07T10:50:05.000Z";"2020-04-07T23:49:07.000Z";"2781";169.147453326;175.204131815;164.20331987;165.101942525;21659346091.32;18231455421.9281;110425444.69;"2020-04-07T23:59:59.999Z"
"2020-04-08T00:00:00.000Z";"2020-04-08T23:59:59.999Z";"2020-04-08T06:02:05.000Z";"2020-04-08T00:09:03.000Z";"2781";165.240328462;173.210270523;164.493198979;172.641733789;17063110836.15;19066388907.9858;110439049.06;"2020-04-08T23:59:59.999Z"
"2020-04-09T00:00:00.000Z";"2020-04-09T23:59:59.999Z";"2020-04-09T00:59:00.000Z";"2020-04-09T12:08:04.000Z";"2781";172.761267841;172.897784699;167.987114695;170.807147486;14901696210.11;18866106818.4971;110452677.75;"2020-04-09T23:59:59.999Z"
"2020-04-10T00:00:00.000Z";"2020-04-10T23:59:59.999Z";"2020-04-10T00:54:04.000Z";"2020-04-10T15:37:05.000Z";"2781";170.829264498;170.949774109;154.914474452;158.412448608;17980944615.71;17499250378.1532;110466384;"2020-04-10T23:59:59.999Z"
"2020-04-11T00:00:00.000Z";"2020-04-11T23:59:59.999Z";"2020-04-11T04:07:04.000Z";"2020-04-11T21:38:06.000Z";"2781";158.538984729;161.167573317;155.298342395;158.216023679;13555089447.11;17479687023.2083;110479878.19;"2020-04-11T23:59:59.999Z"
"2020-04-12T00:00:00.000Z";"2020-04-12T23:59:59.999Z";"2020-04-12T20:37:06.000Z";"2020-04-12T04:12:06.000Z";"2781";158.232394912;164.516947729;156.320508571;161.142420145;15123721385.94;17805206567.5855;110493602.81;"2020-04-12T23:59:59.999Z"
"2020-04-13T00:00:00.000Z";"2020-04-13T23:59:59.999Z";"2020-04-13T00:01:03.000Z";"2020-04-13T10:22:05.000Z";"2781";160.720665735;160.749700846;151.614491183;156.279549094;16465282132.79;17270031992.1863;110507306.25;"2020-04-13T23:59:59.999Z"
"2020-04-14T00:00:00.000Z";"2020-04-14T23:59:59.999Z";"2020-04-14T17:06:00.000Z";"2020-04-14T01:08:08.000Z";"2781";156.355952301;160.944273391;155.865939078;157.596395681;14723156630.06;17417697023.8275;110520909.75;"2020-04-14T23:59:59.999Z"
"2020-04-15T00:00:00.000Z";"2020-04-15T23:59:59.999Z";"2020-04-15T06:22:05.000Z";"2020-04-15T23:24:05.000Z";"2781";157.565643197;160.711126485;152.802835953;153.286892905;14171753736.53;16943501885.9061;110534577.12;"2020-04-15T23:59:59.999Z"
"2020-04-16T00:00:00.000Z";"2020-04-16T23:59:59.999Z";"2020-04-16T22:20:05.000Z";"2020-04-16T01:25:06.000Z";"2781";153.200417561;173.157275575;150.359424649;172.157382821;22910469235.6;19031693317.2915;110548226.31;"2020-04-16T23:59:59.999Z"
"2020-04-17T00:00:00.000Z";"2020-04-17T23:59:59.999Z";"2020-04-17T23:38:04.000Z";"2020-04-17T05:04:04.000Z";"2781";172.279425236;174.275902646;169.751566356;171.638582707;16714684265.88;18976660194.137;110561739.06;"2020-04-17T23:59:59.999Z"
"2020-04-18T00:00:00.000Z";"2020-04-18T23:59:59.999Z";"2020-04-18T23:30:00.000Z";"2020-04-18T00:00:05.000Z";"2781";171.618074875;187.940473093;171.618074875;186.914005844;20160323443;20668075856.6276;110575319.19;"2020-04-18T23:59:59.999Z"
"2020-04-19T00:00:00.000Z";"2020-04-19T23:59:59.999Z";"2020-04-19T02:49:11.000Z";"2020-04-19T14:26:00.000Z";"2781";186.861986935;188.098920658;180.120819808;181.614959142;19146038381.45;20084614446.186;110588987.5;"2020-04-19T23:59:59.999Z"
"2020-04-20T00:00:00.000Z";"2020-04-20T23:59:59.999Z";"2020-04-20T04:07:05.000Z";"2020-04-20T20:02:04.000Z";"2781";181.480229924;186.083543156;170.321271485;172.297157575;21266681335.16;19056520718.2587;110602641.31;"2020-04-20T23:59:59.999Z"
"2020-04-21T00:00:00.000Z";"2020-04-21T23:59:59.999Z";"2020-04-21T06:05:06.000Z";"2020-04-21T11:24:05.000Z";"2781";172.017710093;175.17845978;170.552841658;172.737700531;16458767984.09;19107591181.7675;110616218.25;"2020-04-21T23:59:59.999Z"
"2020-04-22T00:00:00.000Z";"2020-04-22T23:59:59.999Z";"2020-04-22T19:55:07.000Z";"2020-04-22T01:16:06.000Z";"2781";172.670390889;183.751005038;171.826599432;182.599574801;17994666394.65;20200984352.2299;110629963.81;"2020-04-22T23:59:59.999Z"
"2020-04-23T00:00:00.000Z";"2020-04-23T23:59:59.999Z";"2020-04-23T15:53:04.000Z";"2020-04-23T06:22:05.000Z";"2781";182.620173958;189.088865141;180.340651649;185.028670833;21275740032.23;20472236139.292;110643588.62;"2020-04-23T23:59:59.999Z"
"2020-04-24T00:00:00.000Z";"2020-04-24T23:59:59.999Z";"2020-04-24T18:25:13.000Z";"2020-04-24T00:00:05.000Z";"2781";185.222103347;190.210388159;185.222103347;189.236941873;16788555028.05;20940434736.6902;110657224.37;"2020-04-24T23:59:59.999Z"
"2020-04-25T00:00:00.000Z";"2020-04-25T23:59:59.999Z";"2020-04-25T07:02:04.000Z";"2020-04-25T01:06:00.000Z";"2781";189.207401976;196.792378168;188.459533591;195.515300681;18260969748.15;21637838416.5429;110670818.81;"2020-04-25T23:59:59.999Z"
"2020-04-26T00:00:00.000Z";"2020-04-26T23:59:59.999Z";"2020-04-26T14:40:00.000Z";"2020-04-26T07:51:00.000Z";"2781";195.413589078;199.344968717;194.768072729;197.317530184;18335367011.64;21839976556.7041;110684420.87;"2020-04-26T23:59:59.999Z"
"2020-04-27T00:00:00.000Z";"2020-04-27T23:59:59.999Z";"2020-04-27T01:18:06.000Z";"2020-04-27T18:01:08.000Z";"2781";197.475716201;199.552798089;193.454161044;197.2247212;18670194594.83;21832392036.1099;110698049.94;"2020-04-27T23:59:59.999Z"
"2020-04-28T00:00:00.000Z";"2020-04-28T23:59:59.999Z";"2020-04-28T23:42:02.000Z";"2020-04-28T02:02:08.000Z";"2781";197.27351176;198.786551759;194.849425704;198.415382994;18217507467.02;21966890356.533;110711629.44;"2020-04-28T23:59:59.999Z"
"2020-04-29T00:00:00.000Z";"2020-04-29T23:59:59.999Z";"2020-04-29T17:46:00.000Z";"2020-04-29T01:05:04.000Z";"2781";198.465191822;218.454630785;198.124507757;216.968223855;26397548759.26;24023887081.339;110725371;"2020-04-29T23:59:59.999Z"
"2020-04-30T00:00:00.000Z";"2020-04-30T23:59:59.999Z";"2020-04-30T06:21:01.000Z";"2020-04-30T17:40:01.000Z";"2781";216.909133825;227.529689912;206.436924411;207.602055895;28089191904;22989647064.8035;110739014.44;"2020-04-30T23:59:59.999Z"
"2020-05-01T00:00:00.000Z";"2020-05-01T23:59:59.999Z";"2020-05-01T11:44:01.000Z";"2020-05-01T00:01:01.000Z";"2781";207.901731105;217.628019939;207.780886804;214.219106382;20816320833.53;23725367639.1752;110752808.37;"2020-05-01T23:59:59.999Z"
"2020-05-02T00:00:00.000Z";"2020-05-02T23:59:59.999Z";"2020-05-02T17:51:03.000Z";"2020-05-02T08:54:02.000Z";"2781";214.230087793;215.847533858;212.878670701;215.32538422;18260876092.17;23850828458.5514;110766450.25;"2020-05-02T23:59:59.999Z"
"2020-05-03T00:00:00.000Z";"2020-05-03T23:59:59.999Z";"2020-05-03T04:33:01.000Z";"2020-05-03T15:05:01.000Z";"2781";215.352072089;219.270867579;208.692373475;210.93315693;20469034664.13;23367177866.6255;110780013;"2020-05-03T23:59:59.999Z"
"2020-05-04T00:00:00.000Z";"2020-05-04T23:59:59.999Z";"2020-05-04T00:19:01.000Z";"2020-05-04T05:42:01.000Z";"2781";210.89085707;211.828387957;199.047730971;208.174010942;22602446421.77;23064379025.3469;110793748.56;"2020-05-04T23:59:59.999Z"
"2020-05-05T00:00:00.000Z";"2020-05-05T23:59:59.999Z";"2020-05-05T05:07:02.000Z";"2020-05-05T11:00:01.000Z";"2781";208.013004654;211.778624741;204.031129918;206.774404531;19004689099.18;22912129590.4613;110807377.94;"2020-05-05T23:59:59.999Z"
"2020-05-06T00:00:00.000Z";"2020-05-06T23:59:59.999Z";"2020-05-06T15:34:02.000Z";"2020-05-06T23:58:03.000Z";"2781";206.481357853;211.534622578;204.040878521;204.055782253;20343543799.04;22613632877.0933;110820838.44;"2020-05-06T23:59:59.999Z"
"2020-05-07T00:00:00.000Z";"2020-05-07T23:59:59.999Z";"2020-05-07T19:10:01.000Z";"2020-05-07T02:03:05.000Z";"2781";203.912850387;214.392466787;202.074837325;212.289405787;23594744655.39;23528981906.0044;110834461.19;"2020-05-07T23:59:59.999Z"
"2020-05-08T00:00:00.000Z";"2020-05-08T23:59:59.999Z";"2020-05-08T01:03:01.000Z";"2020-05-08T06:35:01.000Z";"2781";212.198234909;216.32768868;208.830737701;212.991579806;20445139356.33;23609735113.4268;110848208.81;"2020-05-08T23:59:59.999Z"
"2020-05-09T00:00:00.000Z";"2020-05-09T23:59:59.999Z";"2020-05-09T01:23:01.000Z";"2020-05-09T11:42:03.000Z";"2781";213.142172406;214.739125935;209.071520041;211.600123566;18950547549.21;23458353557.9526;110861719.56;"2020-05-09T23:59:59.999Z"
"2020-05-10T00:00:00.000Z";"2020-05-10T23:59:59.999Z";"2020-05-10T00:00:01.000Z";"2020-05-10T17:04:00.000Z";"2781";211.552192534;211.552192534;182.711162897;188.599570436;25211575192.67;20911059577.7407;110875435.87;"2020-05-10T23:59:59.999Z"
"2020-05-11T00:00:00.000Z";"2020-05-11T23:59:59.999Z";"2020-05-11T12:31:02.000Z";"2020-05-11T18:24:01.000Z";"2781";188.632189899;191.362328624;180.718334193;185.91283695;20054601646.79;20615704448.6711;110889085.37;"2020-05-11T23:59:59.999Z"
"2020-05-12T00:00:00.000Z";"2020-05-12T23:59:59.999Z";"2020-05-12T17:26:00.000Z";"2020-05-12T00:08:00.000Z";"2781";185.877340106;191.60134408;185.701797601;189.312502269;15899726283.76;20995260628.8043;110902662.94;"2020-05-12T23:59:59.999Z"
"2020-05-13T00:00:00.000Z";"2020-05-13T23:59:59.999Z";"2020-05-13T22:03:03.000Z";"2020-05-13T08:18:02.000Z";"2781";189.374105563;200.197322877;189.127706393;199.193283428;17054662288.59;22093789228.1416;110916336.37;"2020-05-13T23:59:59.999Z"
"2020-05-14T00:00:00.000Z";"2020-05-14T23:59:59.999Z";"2020-05-14T20:07:03.000Z";"2020-05-14T05:35:02.000Z";"2781";198.891506002;204.117601145;196.868814552;202.949100772;20150524860.65;22513148758.7409;110930024.69;"2020-05-14T23:59:59.999Z"
"2020-05-15T00:00:00.000Z";"2020-05-15T23:59:59.999Z";"2020-05-15T00:06:01.000Z";"2020-05-15T20:53:01.000Z";"2781";202.955396986;203.566393272;193.75567763;195.622658341;16602342092.13;21703086884.9707;110943625.19;"2020-05-15T23:59:59.999Z"
"2020-05-16T00:00:00.000Z";"2020-05-16T23:59:59.999Z";"2020-05-16T13:24:01.000Z";"2020-05-16T00:23:01.000Z";"2781";195.613392471;202.771197451;194.501589623;200.677118596;15379081644.71;22266558227.0629;110957135.44;"2020-05-16T23:59:59.999Z"
"2020-05-17T00:00:00.000Z";"2020-05-17T23:59:59.999Z";"2020-05-17T21:44:00.000Z";"2020-05-17T00:24:00.000Z";"2781";200.608866827;209.160936215;200.102801245;207.158694333;15470397302.69;22988575488.4967;110970845.62;"2020-05-17T23:59:59.999Z"
"2020-05-18T00:00:00.000Z";"2020-05-18T23:59:59.999Z";"2020-05-18T05:40:01.000Z";"2020-05-18T00:04:01.000Z";"2781";207.179785914;215.908468738;207.109063807;214.525055208;17411566927.5;23808928396.2325;110984371.37;"2020-05-18T23:59:59.999Z"
"2020-05-19T00:00:00.000Z";"2020-05-19T23:59:59.999Z";"2020-05-19T00:00:02.000Z";"2020-05-19T04:58:01.000Z";"2781";214.604940045;214.604940045;210.143052695;213.451110911;14346192778.71;23692625223.663;110997900.75;"2020-05-19T23:59:59.999Z"
"2020-05-20T00:00:00.000Z";"2020-05-20T23:59:59.999Z";"2020-05-20T06:45:01.000Z";"2020-05-20T17:00:01.000Z";"2781";213.446235987;214.716819768;207.975820963;210.096735593;12730175510.56;23323160696.2645;111011533;"2020-05-20T23:59:59.999Z"
"2020-05-21T00:00:00.000Z";"2020-05-21T23:59:59.999Z";"2020-05-21T00:45:01.000Z";"2020-05-21T19:00:03.000Z";"2781";210.12915146;211.625181218;193.346429346;199.883605552;13308321228.85;22192109649.8768;111025161.81;"2020-05-21T23:59:59.999Z"
"2020-05-22T00:00:00.000Z";"2020-05-22T23:59:59.999Z";"2020-05-22T23:28:01.000Z";"2020-05-22T00:15:01.000Z";"2781";199.837116422;208.591539834;198.040861331;207.169194624;12041592113.6;23003786384.6735;111038643.69;"2020-05-22T23:59:59.999Z"
"2020-05-23T00:00:00.000Z";"2020-05-23T23:59:59.999Z";"2020-05-23T02:35:01.000Z";"2020-05-23T14:04:03.000Z";"2781";207.194488408;210.386456132;205.294214505;208.694402844;10665476767.64;23176030658.6082;111052478.37;"2020-05-23T23:59:59.999Z"
"2020-05-24T00:00:00.000Z";"2020-05-24T23:59:59.999Z";"2020-05-24T07:03:01.000Z";"2020-05-24T23:59:01.000Z";"2781";208.716063355;210.595083828;202.370350969;202.370350969;11833299571.97;22476471749.8903;111066031.37;"2020-05-24T23:59:59.999Z"
"2020-05-25T00:00:00.000Z";"2020-05-25T23:59:59.999Z";"2020-05-25T21:17:02.000Z";"2020-05-25T00:03:03.000Z";"2781";201.982647752;206.361444588;200.667550196;205.319750096;10415044123.56;22806813422.533;111079491.44;"2020-05-25T23:59:59.999Z"
"2020-05-26T00:00:00.000Z";"2020-05-26T23:59:59.999Z";"2020-05-26T00:16:01.000Z";"2020-05-26T15:56:02.000Z";"2781";205.259562478;205.75254632;200.26427483;201.902309998;10159741290.35;22429962991.4266;111093146.94;"2020-05-26T23:59:59.999Z"
"2020-05-27T00:00:00.000Z";"2020-05-27T23:59:59.999Z";"2020-05-27T23:59:01.000Z";"2020-05-27T00:05:03.000Z";"2781";201.893006735;208.863429364;201.785061228;208.863429364;10631034756.45;23206144127.4458;111106784.94;"2020-05-27T23:59:59.999Z"
"2020-05-28T00:00:00.000Z";"2020-05-28T23:59:59.999Z";"2020-05-28T23:32:02.000Z";"2020-05-28T08:08:02.000Z";"2781";208.885433297;220.27650712;206.242668195;219.840431324;12212469603.99;24428738046.939;111120315.31;"2020-05-28T23:59:59.999Z"
"2020-05-29T00:00:00.000Z";"2020-05-29T23:59:59.999Z";"2020-05-29T00:39:02.000Z";"2020-05-29T12:07:05.000Z";"2781";219.925055212;224.216876901;218.238049131;220.675124275;12265816557.43;24524484269.4994;111133886.75;"2020-05-29T23:59:59.999Z"
"2020-05-30T00:00:00.000Z";"2020-05-30T23:59:59.999Z";"2020-05-30T23:01:02.000Z";"2020-05-30T01:16:01.000Z";"2781";220.717210701;243.943144477;218.744454287;242.345590189;15027397866.51;26936114603.8668;111147533.5;"2020-05-30T23:59:59.999Z"
"2020-05-31T00:00:00.000Z";"2020-05-31T23:59:59.999Z";"2020-05-31T01:11:00.000Z";"2020-05-31T23:43:01.000Z";"2781";242.351384355;244.045261307;230.052831272;230.975700856;12234904813.34;25675542328.5429;111161227.06;"2020-05-31T23:59:59.999Z"
"2020-06-01T00:00:00.000Z";"2020-06-01T23:59:59.999Z";"2020-06-01T23:45:01.000Z";"2020-06-01T00:05:05.000Z";"2781";230.860252561;248.236274869;230.488045872;246.991760327;13951727936.45;27459257209.3334;111174790.5;"2020-06-01T23:59:59.999Z"
"2020-06-02T00:00:00.000Z";"2020-06-02T23:59:59.999Z";"2020-06-02T11:37:00.000Z";"2020-06-02T16:21:01.000Z";"2781";246.828193218;252.222002825;233.225299421;237.219061533;13782107566.71;26376031889.8962;111188501.12;"2020-06-02T23:59:59.999Z"
"2020-06-03T00:00:00.000Z";"2020-06-03T23:59:59.999Z";"2020-06-03T23:59:01.000Z";"2020-06-03T05:29:01.000Z";"2781";237.395211559;244.179324047;235.464454028;244.179324047;9861760817.13;27153238868.036;111202039.62;"2020-06-03T23:59:59.999Z"
"2020-06-04T00:00:00.000Z";"2020-06-04T23:59:59.999Z";"2020-06-04T02:45:01.000Z";"2020-06-04T11:33:02.000Z";"2781";244.10528023;245.928972375;236.765302945;244.426387575;10170414303.53;27184018611.4984;111215564.25;"2020-06-04T23:59:59.999Z"
"2020-06-05T00:00:00.000Z";"2020-06-05T23:59:59.999Z";"2020-06-05T09:16:02.000Z";"2020-06-05T23:22:02.000Z";"2781";244.349586587;247.329502999;240.682050877;241.221991758;9293963913.73;26830954614.3278;111229305.5;"2020-06-05T23:59:59.999Z"
"2020-06-06T00:00:00.000Z";"2020-06-06T23:59:59.999Z";"2020-06-06T12:17:01.000Z";"2020-06-06T00:16:01.000Z";"2781";241.201353987;245.981041604;239.724539985;241.931320121;8114873844.8;26913140925.0525;111242897;"2020-06-06T23:59:59.999Z"
"2020-06-07T00:00:00.000Z";"2020-06-07T23:59:59.999Z";"2020-06-07T23:13:00.000Z";"2020-06-07T17:27:02.000Z";"2781";241.90807498;245.435253962;236.325258653;245.167259144;9544883157.42;27276459502.3961;111256534;"2020-06-07T23:59:59.999Z"
"2020-06-08T00:00:00.000Z";"2020-06-08T23:59:59.999Z";"2020-06-08T23:47:05.000Z";"2020-06-08T15:36:01.000Z";"2781";245.178572826;246.644197314;241.542183588;246.309898559;8076783298.95;27406923225.6;111270084.5;"2020-06-08T23:59:59.999Z"
"2020-06-09T00:00:00.000Z";"2020-06-09T23:59:59.999Z";"2020-06-09T00:16:01.000Z";"2020-06-09T10:48:01.000Z";"2781";246.175024993;248.342438256;242.33854616;244.911453825;8446545787.73;27254678255.1854;111283804.12;"2020-06-09T23:59:59.999Z"
"2020-06-10T00:00:00.000Z";"2020-06-10T23:59:59.999Z";"2020-06-10T20:32:04.000Z";"2020-06-10T17:50:01.000Z";"2781";244.822073866;248.651155311;242.819746702;247.444943732;8792990205.55;27539945413.3418;111297264.75;"2020-06-10T23:59:59.999Z"
"2020-06-11T00:00:00.000Z";"2020-06-11T23:59:59.999Z";"2020-06-11T02:44:01.000Z";"2020-06-11T20:16:01.000Z";"2781";247.548531685;249.888304723;229.942972879;231.702669421;12356528860.48;25791024830.9758;111310866.19;"2020-06-11T23:59:59.999Z"
"2020-06-12T00:00:00.000Z";"2020-06-12T23:59:59.999Z";"2020-06-12T14:17:05.000Z";"2020-06-12T00:09:01.000Z";"2781";231.625462209;239.354687088;229.64505836;237.493210284;8868955009.12;26438827419.6395;111324561.19;"2020-06-12T23:59:59.999Z"
"2020-06-13T00:00:00.000Z";"2020-06-13T23:59:59.999Z";"2020-06-13T23:45:04.000Z";"2020-06-13T04:30:01.000Z";"2781";237.544621049;239.193096518;235.889680148;238.908842797;7141624979.75;26599679550.2949;111338195.94;"2020-06-13T23:59:59.999Z"
"2020-06-14T00:00:00.000Z";"2020-06-14T23:59:59.999Z";"2020-06-14T00:59:15.000Z";"2020-06-14T22:28:06.000Z";"2781";238.968186749;239.101452677;232.958196278;234.114695213;7439385176.17;26069111857.0612;111351881.75;"2020-06-14T23:59:59.999Z"
"2020-06-15T00:00:00.000Z";"2020-06-15T23:59:59.999Z";"2020-06-15T21:24:01.000Z";"2020-06-15T06:53:14.000Z";"2781";234.058302429;234.237839308;221.241757979;229.928901759;10536099884.12;25606145743.4091;111365494.06;"2020-06-15T23:59:59.999Z"
"2020-06-16T00:00:00.000Z";"2020-06-16T23:59:59.999Z";"2020-06-16T13:01:10.000Z";"2020-06-16T02:31:17.000Z";"2781";229.762304793;236.394304557;228.42614419;234.416174104;7965648016.42;26109047391.7202;111379035.56;"2020-06-16T23:59:59.999Z"
"2020-06-17T00:00:00.000Z";"2020-06-17T23:59:59.999Z";"2020-06-17T13:20:03.000Z";"2020-06-17T20:03:03.000Z";"2781";234.492376957;235.954054715;229.341639057;233.028279483;7701391591.87;25957610763.5026;111392534.94;"2020-06-17T23:59:59.999Z"
"2020-06-18T00:00:00.000Z";"2020-06-18T23:59:59.999Z";"2020-06-18T01:17:00.000Z";"2020-06-18T21:45:03.000Z";"2781";232.898689885;234.570646887;228.951434888;232.101162633;6713800871.61;25857495154.9566;111406142.31;"2020-06-18T23:59:59.999Z"
"2020-06-19T00:00:00.000Z";"2020-06-19T23:59:59.999Z";"2020-06-19T00:14:14.000Z";"2020-06-19T08:22:04.000Z";"2781";231.954971097;232.154108026;226.795185699;227.138289785;6946372589.53;25307718819.0129;111419870.44;"2020-06-19T23:59:59.999Z"
"2020-06-20T00:00:00.000Z";"2020-06-20T23:59:59.999Z";"2020-06-20T04:52:08.000Z";"2020-06-20T01:07:12.000Z";"2781";226.976368973;231.449016971;226.640630794;229.274256792;6252830565.73;25548837121.2462;111433518.44;"2020-06-20T23:59:59.999Z"
"2020-06-21T00:00:00.000Z";"2020-06-21T23:59:59.999Z";"2020-06-21T05:49:01.000Z";"2020-06-21T22:49:01.000Z";"2781";229.216141181;232.358948742;228.492993509;228.989820504;5600408177.54;25520273836.841;111447197.87;"2020-06-21T23:59:59.999Z"
"2020-06-22T00:00:00.000Z";"2020-06-22T23:59:59.999Z";"2020-06-22T21:14:00.000Z";"2020-06-22T00:05:00.000Z";"2781";229.003374761;243.776019799;228.934740044;242.53319314;9079586552.42;27032930743.0122;111460746.44;"2020-06-22T23:59:59.999Z"
"2020-06-23T00:00:00.000Z";"2020-06-23T23:59:59.999Z";"2020-06-23T22:00:06.000Z";"2020-06-23T01:59:17.000Z";"2781";242.537021612;244.864415389;239.759728576;244.142144306;6624530348.24;27215606543.0927;111474430.69;"2020-06-23T23:59:59.999Z"
"2020-06-24T00:00:00.000Z";"2020-06-24T23:59:59.999Z";"2020-06-24T05:44:05.000Z";"2020-06-24T15:55:06.000Z";"2781";244.185921342;248.508019638;232.807733505;235.772462091;8815030024.65;26285822239.1477;111488093.25;"2020-06-24T23:59:59.999Z"
"2020-06-25T00:00:00.000Z";"2020-06-25T23:59:59.999Z";"2020-06-25T01:31:05.000Z";"2020-06-25T03:41:22.000Z";"2781";235.702845657;236.053405848;230.296595306;232.944486695;7010426122.5;25973707946.1754;111501707.19;"2020-06-25T23:59:59.999Z"
"2020-06-26T00:00:00.000Z";"2020-06-26T23:59:59.999Z";"2020-06-26T01:14:01.000Z";"2020-06-26T14:30:04.000Z";"2781";232.877481261;233.901927687;229.259464607;229.66803925;7187490225.51;25611500297.1459;111515300;"2020-06-26T23:59:59.999Z"
"2020-06-27T00:00:00.000Z";"2020-06-27T23:59:59.999Z";"2020-06-27T08:39:07.000Z";"2020-06-27T20:06:01.000Z";"2781";229.631491261;232.493416655;220.564568586;222.959785939;6918380954.97;24866429444.8032;111528764.44;"2020-06-27T23:59:59.999Z"
"2020-06-28T00:00:00.000Z";"2020-06-28T23:59:59.999Z";"2020-06-28T16:35:01.000Z";"2020-06-28T04:56:01.000Z";"2781";222.914486366;228.598289382;219.472677862;225.347168434;6205925718.19;25135786985.5184;111542502;"2020-06-28T23:59:59.999Z"
"2020-06-29T00:00:00.000Z";"2020-06-29T23:59:59.999Z";"2020-06-29T22:05:23.000Z";"2020-06-29T08:25:00.000Z";"2781";225.361436367;229.90320674;222.254997097;228.194866701;6726164653.26;25456513994.3261;111556032.62;"2020-06-29T23:59:59.999Z"
"2020-06-30T00:00:00.000Z";"2020-06-30T23:59:59.999Z";"2020-06-30T12:00:11.000Z";"2020-06-30T13:24:19.000Z";"2781";227.968423935;229.476811973;224.815178416;226.314997358;6094093001.39;25249913730.1826;111569776.75;"2020-06-30T23:59:59.999Z"
"2020-07-01T00:00:00.000Z";"2020-07-01T23:59:59.999Z";"2020-07-01T20:32:23.000Z";"2020-07-01T00:40:15.000Z";"2781";226.134585409;232.756119421;224.835737857;231.113421712;6463737442.75;25788404349.8574;111583326.31;"2020-07-01T23:59:59.999Z"
"2020-07-02T00:00:00.000Z";"2020-07-02T23:59:59.999Z";"2020-07-02T05:20:14.000Z";"2020-07-02T16:43:10.000Z";"2781";231.288908687;232.396876364;225.461957364;229.392201582;6212210566.42;25599453476.5204;111596877.75;"2020-07-02T23:59:59.999Z"
"2020-07-03T00:00:00.000Z";"2020-07-03T23:59:59.999Z";"2020-07-03T00:40:00.000Z";"2020-07-03T23:42:02.000Z";"2781";229.318955364;229.629320567;224.913965302;225.387063259;5109032700.31;25155571599.652;111610538.94;"2020-07-03T23:59:59.999Z"
"2020-07-04T00:00:00.000Z";"2020-07-04T23:59:59.999Z";"2020-07-04T18:11:00.000Z";"2020-07-04T00:03:02.000Z";"2781";225.288477168;230.054133886;225.133309546;229.074112293;5228310135.25;25570190314.917;111624094.31;"2020-07-04T23:59:59.999Z"
"2020-07-05T00:00:00.000Z";"2020-07-05T23:59:59.999Z";"2020-07-05T01:26:07.000Z";"2020-07-05T21:22:16.000Z";"2781";228.976197947;229.856724001;224.544490381;227.664598709;5292172428.83;25415950648.5611;111637693.31;"2020-07-05T23:59:59.999Z"
"2020-07-06T00:00:00.000Z";"2020-07-06T23:59:59.999Z";"2020-07-06T23:58:20.000Z";"2020-07-06T00:58:19.000Z";"2781";227.685011543;242.132713292;227.029522771;241.510225122;8782917552.85;26964937043.2266;111651326.69;"2020-07-06T23:59:59.999Z"
"2020-07-07T00:00:00.000Z";"2020-07-07T23:59:59.999Z";"2020-07-07T00:25:05.000Z";"2020-07-07T10:00:28.000Z";"2781";240.972593663;242.681859964;234.218655772;239.075528329;6441497597.21;26696376072.769;111665030.12;"2020-07-07T23:59:59.999Z"
"2020-07-08T00:00:00.000Z";"2020-07-08T23:59:59.999Z";"2020-07-08T20:03:01.000Z";"2020-07-08T00:30:07.000Z";"2781";239.159976697;248.308862752;238.398368621;246.670015358;9892586411.25;27547785703.4854;111678696.19;"2020-07-08T23:59:59.999Z"
"2020-07-09T00:00:00.000Z";"2020-07-09T23:59:59.999Z";"2020-07-09T06:53:03.000Z";"2020-07-09T15:29:01.000Z";"2781";246.748290882;247.291668553;239.898645911;243.015967829;8429099198.82;27143016879.0994;111692318.5;"2020-07-09T23:59:59.999Z"
"2020-07-10T00:00:00.000Z";"2020-07-10T23:59:59.999Z";"2020-07-10T00:02:12.000Z";"2020-07-10T07:09:01.000Z";"2781";242.868018736;242.883795295;236.730533652;240.984985207;7281370521.99;26919422186.9438;111705806.75;"2020-07-10T23:59:59.999Z"
"2020-07-11T00:00:00.000Z";"2020-07-11T23:59:59.999Z";"2020-07-11T00:08:01.000Z";"2020-07-11T09:32:01.000Z";"2781";241.044787664;241.527478135;238.331230756;239.45817693;5643067315.96;26752161985.1887;111719559.25;"2020-07-11T23:59:59.999Z"
"2020-07-12T00:00:00.000Z";"2020-07-12T23:59:59.999Z";"2020-07-12T13:25:01.000Z";"2020-07-12T14:29:01.000Z";"2781";239.459633832;243.311135946;237.770210731;242.131695235;6596394717.64;27054158345.9268;111733238.06;"2020-07-12T23:59:59.999Z"
"2020-07-13T00:00:00.000Z";"2020-07-13T23:59:59.999Z";"2020-07-13T08:48:10.000Z";"2020-07-13T20:05:10.000Z";"2781";242.181866149;244.310516301;238.232369975;239.60458484;7787751467.57;26775071857.6609;111746909.5;"2020-07-13T23:59:59.999Z"
"2020-07-14T00:00:00.000Z";"2020-07-14T23:59:59.999Z";"2020-07-14T20:16:15.000Z";"2020-07-14T05:25:12.000Z";"2781";239.97561514;242.003777227;237.796193139;240.211494177;7357458554.76;26846147251.414;111760460.69;"2020-07-14T23:59:59.999Z"
"2020-07-15T00:00:00.000Z";"2020-07-15T23:59:59.999Z";"2020-07-15T00:28:09.000Z";"2020-07-15T19:17:24.000Z";"2781";240.143642313;241.402696471;237.09617132;238.423526948;6189328448.08;26649577378.4206;111774109.37;"2020-07-15T23:59:59.999Z"
"2020-07-16T00:00:00.000Z";"2020-07-16T23:59:59.999Z";"2020-07-16T00:02:06.000Z";"2020-07-16T10:09:02.000Z";"2781";238.450915595;239.00625292;231.621168905;233.640883013;5832057567.03;26118155895.4767;111787609.94;"2020-07-16T23:59:59.999Z"
"2020-07-17T00:00:00.000Z";"2020-07-17T23:59:59.999Z";"2020-07-17T12:23:16.000Z";"2020-07-17T05:43:01.000Z";"2781";233.69139519;234.415063673;232.109964728;232.773085613;5859850528.65;26024301468.1744;111801162.06;"2020-07-17T23:59:59.999Z"
"2020-07-18T00:00:00.000Z";"2020-07-18T23:59:59.999Z";"2020-07-18T23:49:13.000Z";"2020-07-18T01:47:06.000Z";"2781";232.855677949;236.543977437;232.324884475;235.483805219;5397402116.74;26330601163.8005;111814912.87;"2020-07-18T23:59:59.999Z"
"2020-07-19T00:00:00.000Z";"2020-07-19T23:59:59.999Z";"2020-07-19T23:42:15.000Z";"2020-07-19T17:06:23.000Z";"2781";235.458301178;239.16068486;233.27974483;238.487523715;6251377304.56;26669691075.0983;111828454;"2020-07-19T23:59:59.999Z"
"2020-07-20T00:00:00.000Z";"2020-07-20T23:59:59.999Z";"2020-07-20T00:03:20.000Z";"2020-07-20T19:44:01.000Z";"2781";238.49487642;239.576253504;234.85264297;236.153167708;5600686192.18;26411853755.5587;111842047.31;"2020-07-20T23:59:59.999Z"
"2020-07-21T00:00:00.000Z";"2020-07-21T23:59:59.999Z";"2020-07-21T19:07:01.000Z";"2020-07-21T00:06:01.000Z";"2781";236.302509731;246.186263512;235.680969089;245.01672849;6806696014.68;27406496758.4107;111855614.62;"2020-07-21T23:59:59.999Z"
"2020-07-22T00:00:00.000Z";"2020-07-22T23:59:59.999Z";"2020-07-22T22:47:01.000Z";"2020-07-22T08:12:01.000Z";"2781";245.037265538;262.985038935;242.484338998;262.190656292;7702077382.79;29331058163.6399;111869196.94;"2020-07-22T23:59:59.999Z"
"2020-07-23T00:00:00.000Z";"2020-07-23T23:59:59.999Z";"2020-07-23T17:01:01.000Z";"2020-07-23T05:52:01.000Z";"2781";262.38864728;277.58347637;261.047083158;274.689049046;10281309261.8;30733019165.3589;111882942.81;"2020-07-23T23:59:59.999Z"
"2020-07-24T00:00:00.000Z";"2020-07-24T23:59:59.999Z";"2020-07-24T21:06:13.000Z";"2020-07-24T07:02:03.000Z";"2781";274.722698403;286.192831871;269.239784575;279.215409484;9466060358.16;31243266715.6353;111896642;"2020-07-24T23:59:59.999Z"
"2020-07-25T00:00:00.000Z";"2020-07-25T23:59:59.999Z";"2020-07-25T23:05:18.000Z";"2020-07-25T00:00:13.000Z";"2781";279.026364075;306.740999501;279.026364075;304.056761197;10785021812.57;34027002730.2282;111910034.81;"2020-07-25T23:59:59.999Z"
"2020-07-26T00:00:00.000Z";"2020-07-26T23:59:59.999Z";"2020-07-26T08:53:19.000Z";"2020-07-26T01:18:15.000Z";"2781";303.692367729;316.386325685;300.267828297;309.643609292;12003973025.7;34656472192.7933;111923744.44;"2020-07-26T23:59:59.999Z"
"2020-07-27T00:00:00.000Z";"2020-07-27T23:59:59.999Z";"2020-07-27T22:23:00.000Z";"2020-07-27T00:00:18.000Z";"2781";309.657923172;330.701215353;309.657923172;321.514088181;15644257058.49;35989428748.8012;111937330.5;"2020-07-27T23:59:59.999Z"
"2020-07-28T00:00:00.000Z";"2020-07-28T23:59:59.999Z";"2020-07-28T00:31:01.000Z";"2020-07-28T10:18:05.000Z";"2781";321.829751647;325.905965506;307.721358662;316.657252341;12357108064.57;35450097600.2147;111951004.87;"2020-07-28T23:59:59.999Z"
"2020-07-29T00:00:00.000Z";"2020-07-29T23:59:59.999Z";"2020-07-29T08:16:12.000Z";"2020-07-29T01:16:02.000Z";"2781";316.555373877;324.380803301;313.109593521;318.190884419;10878845706.02;35626126751.0425;111964636.62;"2020-07-29T23:59:59.999Z"
"2020-07-30T00:00:00.000Z";"2020-07-30T23:59:59.999Z";"2020-07-30T20:51:03.000Z";"2020-07-30T06:08:01.000Z";"2781";318.144986303;338.631189985;315.751089914;334.586629282;11827689045.34;37466380887.3341;111978117.5;"2020-07-30T23:59:59.999Z"
"2020-07-31T00:00:00.000Z";"2020-07-31T23:59:59.999Z";"2020-07-31T21:46:00.000Z";"2020-07-31T04:01:01.000Z";"2781";334.633743039;348.611372268;329.340936911;345.554649307;12030600491.53;38699278448.6592;111991774.75;"2020-07-31T23:59:59.999Z"
"2020-08-01T00:00:00.000Z";"2020-08-01T23:59:59.999Z";"2020-08-01T21:11:16.000Z";"2020-08-01T01:04:00.000Z";"2781";345.798601857;388.847974328;343.587434131;385.199719325;14045259476.54;43144477508.4031;112005474.94;"2020-08-01T23:59:59.999Z"
"2020-08-02T00:00:00.000Z";"2020-08-02T23:59:59.999Z";"2020-08-02T04:16:07.000Z";"2020-08-02T11:44:07.000Z";"2781";385.549871043;411.22831179;357.143634409;370.671711492;18909744275.06;41522323563.2534;112019132.5;"2020-08-02T23:59:59.999Z"
"2020-08-03T00:00:00.000Z";"2020-08-03T23:59:59.999Z";"2020-08-03T16:17:11.000Z";"2020-08-03T00:06:26.000Z";"2781";371.133859143;396.506991634;369.336333481;386.295173437;12834648062.11;43277729882.103;112032799.94;"2020-08-03T23:59:59.999Z"
"2020-08-04T00:00:00.000Z";"2020-08-04T23:59:59.999Z";"2020-08-04T00:53:08.000Z";"2020-08-04T13:30:01.000Z";"2781";386.156467393;400.700625443;382.985113401;389.875485136;14086704220.96;43684129571.5135;112046361.56;"2020-08-04T23:59:59.999Z"
"2020-08-05T00:00:00.000Z";"2020-08-05T23:59:59.999Z";"2020-08-05T21:34:01.000Z";"2020-08-05T01:19:03.000Z";"2781";389.710819888;406.303965292;386.218484117;401.59058634;12875466638.43;45002213068.816;112059930.19;"2020-08-05T23:59:59.999Z"
"2020-08-06T00:00:00.000Z";"2020-08-06T23:59:59.999Z";"2020-08-06T00:10:01.000Z";"2020-08-06T23:22:01.000Z";"2781";401.583866599;403.48866662;392.600185436;394.961957147;11304626458.11;44264836294.3033;112073670.62;"2020-08-06T23:59:59.999Z"
"2020-08-07T00:00:00.000Z";"2020-08-07T23:59:59.999Z";"2020-08-07T02:28:05.000Z";"2020-08-07T18:37:08.000Z";"2781";395.226876502;398.249018455;367.935506263;379.512855039;12751687083.91;42538578850.21;112087320.06;"2020-08-07T23:59:59.999Z"
"2020-08-08T00:00:00.000Z";"2020-08-08T23:59:59.999Z";"2020-08-08T23:59:00.000Z";"2020-08-08T00:29:03.000Z";"2781";379.551583661;393.987376065;377.349718813;393.987376065;9342060531.02;44166324645.9802;112100862.44;"2020-08-08T23:59:59.999Z"
"2020-08-09T00:00:00.000Z";"2020-08-09T23:59:59.999Z";"2020-08-09T00:41:18.000Z";"2020-08-09T15:16:04.000Z";"2781";395.305236246;399.737078385;385.83072806;391.120454943;9451065592.33;43850292041.2966;112114545.5;"2020-08-09T23:59:59.999Z"
"2020-08-10T00:00:00.000Z";"2020-08-10T23:59:59.999Z";"2020-08-10T04:07:05.000Z";"2020-08-10T00:00:04.000Z";"2781";391.041493623;399.375944265;391.041493623;395.887569508;11685827893.45;44390142137.3961;112128153.44;"2020-08-10T23:59:59.999Z"
"2020-08-11T00:00:00.000Z";"2020-08-11T23:59:59.999Z";"2020-08-11T02:21:00.000Z";"2020-08-11T20:39:01.000Z";"2781";395.894723854;398.478900957;370.860617818;380.384068285;12792218736.97;42656945169.3968;112141776.5;"2020-08-11T23:59:59.999Z"
"2020-08-12T00:00:00.000Z";"2020-08-12T23:59:59.999Z";"2020-08-12T23:57:01.000Z";"2020-08-12T06:06:02.000Z";"2781";380.063817832;391.312314585;367.923607786;391.024162058;12408772745.18;43855501071.6031;112155476.12;"2020-08-12T23:59:59.999Z"
"2020-08-13T00:00:00.000Z";"2020-08-13T23:59:59.999Z";"2020-08-13T04:10:04.000Z";"2020-08-13T00:05:05.000Z";"2781";388.43093087;396.34490989;388.41524003;394.3667405;14011145771.7;44230433643.38;112155587.94;"2020-08-13T23:59:59.999Z"
"2020-08-14T00:00:00.000Z";"2020-08-14T23:59:59.999Z";"2020-08-14T00:03:04.000Z";"2020-08-14T00:05:05.000Z";"2781";393.1083538;396.20809684;392.16341487;394.3667405;14011145771.7;44230433643.38;112155587.94;"2020-08-14T23:59:59.999Z"
"2020-08-15T00:00:00.000Z";"2020-08-15T23:59:59.999Z";"2020-08-15T16:10:04.000Z";"2020-08-15T21:40:04.000Z";"2781";434.05479523;437.67617839;430.38553574;432.87136936;15548295433.89;48560740840.63;112196301.81;"2020-08-15T23:59:59.999Z"
"2020-08-16T00:00:00.000Z";"2020-08-16T23:59:59.999Z";"2020-08-16T16:18:12.000Z";"2020-08-16T12:31:02.000Z";"2781";433.35059815;436.265828703;415.086255105;433.786609983;12168816874.5;48675162266.8596;112209923.37;"2020-08-16T23:59:59.999Z"
"2020-08-17T00:00:00.000Z";"2020-08-17T23:59:59.999Z";"2020-08-17T16:05:10.000Z";"2020-08-17T06:03:08.000Z";"2781";433.973761033;442.734973852;422.647281056;429.531252334;13227089409.92;48203426750.7282;112223328.31;"2020-08-17T23:59:59.999Z"
"2020-08-18T00:00:00.000Z";"2020-08-18T23:59:59.999Z";"2020-08-18T00:41:04.000Z";"2020-08-18T14:37:01.000Z";"2781";429.669619551;432.580295725;419.674107416;423.669315654;11978984078.57;47551407033.0556;112237080.37;"2020-08-18T23:59:59.999Z"
"2020-08-19T00:00:00.000Z";"2020-08-19T23:59:59.999Z";"2020-08-19T01:17:01.000Z";"2020-08-19T20:18:01.000Z";"2781";423.73860076;427.024649222;396.678341621;406.463786824;13137391166.85;45625864918.4277;112250750;"2020-08-19T23:59:59.999Z"
"2020-08-20T00:00:00.000Z";"2020-08-20T23:59:59.999Z";"2020-08-20T21:23:01.000Z";"2020-08-20T05:16:01.000Z";"2781";406.758913626;418.734448517;404.026103834;416.439794883;10043032427.16;46751356941.1;112264383.75;"2020-08-20T23:59:59.999Z"
"2020-08-21T00:00:00.000Z";"2020-08-21T23:59:59.999Z";"2020-08-21T00:11:01.000Z";"2020-08-21T23:43:01.000Z";"2781";416.148774123;418.637980133;387.441124032;389.126350308;11781796374;43690315907.4493;112277968;"2020-08-21T23:59:59.999Z"
"2020-08-22T00:00:00.000Z";"2020-08-22T23:59:59.999Z";"2020-08-22T23:45:13.000Z";"2020-08-22T01:05:01.000Z";"2781";389.031111405;396.466589196;382.814637548;395.835141215;10131847985.29;44448918221.5718;112291491.06;"2020-08-22T23:59:59.999Z"
"2020-08-23T00:00:00.000Z";"2020-08-23T23:59:59.999Z";"2020-08-23T00:07:09.000Z";"2020-08-23T12:02:05.000Z";"2781";395.562839161;396.490417399;385.039808917;391.384499842;8137303969.58;43954518396.1863;112305209.87;"2020-08-23T23:59:59.999Z"
"2020-08-24T00:00:00.000Z";"2020-08-24T23:59:59.999Z";"2020-08-24T23:32:01.000Z";"2020-08-24T00:18:04.000Z";"2781";391.678986309;409.388581223;389.314602569;408.144207149;10328860398.43;45842265022.6177;112318793.75;"2020-08-24T23:59:59.999Z"
"2020-08-25T00:00:00.000Z";"2020-08-25T23:59:59.999Z";"2020-08-25T00:06:17.000Z";"2020-08-25T18:10:01.000Z";"2781";408.07168495;408.527929724;374.355391228;384.001043035;12428442042.19;43135697974.0757;112332241.69;"2020-08-25T23:59:59.999Z"
"2020-08-26T00:00:00.000Z";"2020-08-26T23:59:59.999Z";"2020-08-26T16:06:04.000Z";"2020-08-26T13:34:01.000Z";"2781";383.977436834;391.873264036;378.705854974;386.466124211;9967343483.08;43417926668.4177;112346009;"2020-08-26T23:59:59.999Z"
"2020-08-27T00:00:00.000Z";"2020-08-27T23:59:59.999Z";"2020-08-27T13:32:02.000Z";"2020-08-27T17:17:01.000Z";"2781";386.60985557;395.349171508;374.866486409;382.632632123;10457777651.66;42992439543.4564;112359574;"2020-08-27T23:59:59.999Z"
"2020-08-28T00:00:00.000Z";"2020-08-28T23:59:59.999Z";"2020-08-28T19:46:01.000Z";"2020-08-28T00:41:01.000Z";"2781";382.629568423;397.757636387;381.273841602;395.874666093;9120674421.41;44485705031.5215;112373205.06;"2020-08-28T23:59:59.999Z"
"2020-08-29T00:00:00.000Z";"2020-08-29T23:59:59.999Z";"2020-08-29T21:46:15.000Z";"2020-08-29T02:07:01.000Z";"2781";395.687586586;405.616355393;393.037423129;399.921471038;8777703480.5;44945899479.8523;112386812.75;"2020-08-29T23:59:59.999Z"
"2020-08-30T00:00:00.000Z";"2020-08-30T23:59:59.999Z";"2020-08-30T23:26:23.000Z";"2020-08-30T00:03:10.000Z";"2781";399.616688464;428.663960122;399.608373495;428.395717595;11211948040.29;48151884394.293;112400480.25;"2020-08-30T23:59:59.999Z"
"2020-08-31T00:00:00.000Z";"2020-08-31T23:59:59.999Z";"2020-08-31T20:16:16.000Z";"2020-08-31T08:46:08.000Z";"2781";428.5090174;438.560318908;419.770175158;435.079745266;12774741797.13;48909170051.9544;112414265.62;"2020-08-31T23:59:59.999Z"
"2020-09-01T00:00:00.000Z";"2020-09-01T23:59:59.999Z";"2020-09-01T22:17:01.000Z";"2020-09-01T00:26:01.000Z";"2781";434.874437724;487.211889983;432.079179027;477.051924154;18862763755.96;53633933560.1349;112427873.87;"2020-09-01T23:59:59.999Z"
"2020-09-02T00:00:00.000Z";"2020-09-02T23:59:59.999Z";"2020-09-02T05:23:01.000Z";"2020-09-02T16:44:01.000Z";"2781";477.007884034;480.330985995;424.46001881;440.040506887;19691854013.51;49478789434.873;112441442.69;"2020-09-02T23:59:59.999Z"
"2020-09-03T00:00:00.000Z";"2020-09-03T23:59:59.999Z";"2020-09-03T02:17:01.000Z";"2020-09-03T23:40:14.000Z";"2781";440.239991898;449.532472075;381.129705491;385.671928369;19622845896.34;43370721325.6821;112454960.12;"2020-09-03T23:59:59.999Z"
"2020-09-04T00:00:00.000Z";"2020-09-04T23:59:59.999Z";"2020-09-04T11:39:16.000Z";"2020-09-04T14:54:05.000Z";"2781";384.671630472;402.411751082;371.636695541;388.241140415;16747106257.37;43665020996.3354;112468815;"2020-09-04T23:59:59.999Z"
"2020-09-05T00:00:00.000Z";"2020-09-05T23:59:59.999Z";"2020-09-05T00:33:07.000Z";"2020-09-05T18:55:23.000Z";"2781";388.0383992;394.172264436;316.774345734;335.260079079;29880047640.49;37710860057.8221;112482405.19;"2020-09-05T23:59:59.999Z"
"2020-09-06T00:00:00.000Z";"2020-09-06T23:59:59.999Z";"2020-09-06T21:47:01.000Z";"2020-09-06T05:15:01.000Z";"2781";335.334551778;359.764047796;319.041891045;353.362265679;27643678916.89;39751917522.7842;112496215.31;"2020-09-06T23:59:59.999Z"
"2020-09-07T00:00:00.000Z";"2020-09-07T23:59:59.999Z";"2020-09-07T00:55:02.000Z";"2020-09-07T12:51:02.000Z";"2781";353.450244604;358.211896204;326.254370324;352.673494754;21763614731.58;39679199319.9028;112509729;"2020-09-07T23:59:59.999Z"
"2020-09-08T00:00:00.000Z";"2020-09-08T23:59:59.999Z";"2020-09-08T00:24:01.000Z";"2020-09-08T22:22:01.000Z";"2781";353.202266511;355.562872591;328.816775373;337.602111896;17991403431.61;37988119626.6691;112523347.12;"2020-09-08T23:59:59.999Z"
"2020-09-09T00:00:00.000Z";"2020-09-09T23:59:59.999Z";"2020-09-09T19:04:02.000Z";"2020-09-09T03:15:01.000Z";"2781";337.824924824;359.164487377;332.164997639;351.110016528;14547933520.42;39512826169.5128;112536881.06;"2020-09-09T23:59:59.999Z"
"2020-09-10T00:00:00.000Z";"2020-09-10T23:59:59.999Z";"2020-09-10T14:04:15.000Z";"2020-09-10T00:01:03.000Z";"2781";351.42932317;377.393573135;351.111749802;368.101907072;31421134556.34;41430053162.3925;112550498.56;"2020-09-10T23:59:59.999Z"
"2020-09-11T00:00:00.000Z";"2020-09-11T23:59:59.999Z";"2020-09-11T22:44:03.000Z";"2020-09-11T04:01:02.000Z";"2781";368.118507843;376.630394506;355.582579956;374.695588755;27296269328.61;42177302259.4925;112564181.5;"2020-09-11T23:59:59.999Z"
"2020-09-12T00:00:00.000Z";"2020-09-12T23:59:59.999Z";"2020-09-12T23:58:04.000Z";"2020-09-12T09:03:01.000Z";"2781";374.595383839;387.538444729;367.842207238;387.183109613;13295405814.4;43588199421.8177;112577739.94;"2020-09-12T23:59:59.999Z"
"2020-09-13T00:00:00.000Z";"2020-09-13T23:59:59.999Z";"2020-09-13T04:02:04.000Z";"2020-09-13T18:45:20.000Z";"2781";387.519295759;388.959797641;354.340174183;365.570005047;15005899191.1;41160025962.3255;112591365.25;"2020-09-13T23:59:59.999Z"
"2020-09-14T00:00:00.000Z";"2020-09-14T23:59:59.999Z";"2020-09-14T15:42:01.000Z";"2020-09-14T00:51:18.000Z";"2781";365.699586133;384.485195289;357.569774822;377.268875067;17536695360.62;42482307939.3069;112604857.56;"2020-09-14T23:59:59.999Z"
"2020-09-15T00:00:00.000Z";"2020-09-15T23:59:59.999Z";"2020-09-15T02:47:01.000Z";"2020-09-15T19:28:01.000Z";"2781";377.154029026;381.508292952;363.606803421;364.83921823;16140584321.19;41087642852.7861;112618492.75;"2020-09-15T23:59:59.999Z"
"2020-09-16T00:00:00.000Z";"2020-09-16T23:59:59.999Z";"2020-09-16T16:04:01.000Z";"2020-09-16T00:52:01.000Z";"2781";364.743985856;372.767424109;356.682745906;365.812291316;16107612177.06;41202147932.0841;112631939.69;"2020-09-16T23:59:59.999Z"
"2020-09-17T00:00:00.000Z";"2020-09-17T23:59:59.999Z";"2020-09-17T21:31:01.000Z";"2020-09-17T00:12:01.000Z";"2781";365.865769814;393.901600481;364.795132142;389.019219686;19899531080.5;43821351213.4089;112645722.87;"2020-09-17T23:59:59.999Z"
"2020-09-18T00:00:00.000Z";"2020-09-18T23:59:59.999Z";"2020-09-18T00:09:03.000Z";"2020-09-18T18:06:01.000Z";"2781";389.33749501;391.90413319;376.964986793;384.364541978;14108357740.49;43302193327.1808;112659177.94;"2020-09-18T23:59:59.999Z"
"2020-09-19T00:00:00.000Z";"2020-09-19T23:59:59.999Z";"2020-09-19T18:04:17.000Z";"2020-09-19T08:05:04.000Z";"2781";384.041666526;387.076344806;378.724069452;385.544383604;11049507683.59;43440360814.8873;112672788.56;"2020-09-19T23:59:59.999Z"
"2020-09-20T00:00:00.000Z";"2020-09-20T23:59:59.999Z";"2020-09-20T00:00:14.000Z";"2020-09-20T16:31:14.000Z";"2781";385.597992859;385.597992859;367.094375211;371.052826188;12292195784.11;41812641074.3416;112686491.31;"2020-09-20T23:59:59.999Z"
"2020-09-21T00:00:00.000Z";"2020-09-21T23:59:59.999Z";"2020-09-21T06:07:17.000Z";"2020-09-21T14:43:16.000Z";"2781";371.400157647;375.737030935;336.068960729;341.78607406;17398267133.3;38519366614.9833;112700222.56;"2020-09-21T23:59:59.999Z"
"2020-09-22T00:00:00.000Z";"2020-09-22T23:59:59.999Z";"2020-09-22T04:32:03.000Z";"2020-09-22T08:01:01.000Z";"2781";341.723816802;346.600836529;336.855041313;344.503162317;12732578043.01;38830213877.7743;112713664.56;"2020-09-22T23:59:59.999Z"
"2020-09-23T00:00:00.000Z";"2020-09-23T23:59:59.999Z";"2020-09-23T00:02:34.000Z";"2020-09-23T20:55:50.000Z";"2781";344.58989639;344.67138869;318.9692106;321.11631734;12899346599.43;36196531454.27133;112720934.75;"2020-09-23T23:59:59.999Z"
"2020-09-24T00:00:00.000Z";"2020-09-24T23:59:59.999Z";"2020-09-24T23:03:35.000Z";"2020-09-24T00:06:33.000Z";"2781";320.98503098;351.46148325;318.54509133;349.35558514;15714304469.55;39384347821.51636;112734272.75;"2020-09-24T23:59:59.999Z"
"2020-09-25T00:00:00.000Z";"2020-09-25T23:59:59.999Z";"2020-09-25T20:32:40.000Z";"2020-09-25T08:57:34.000Z";"2781";349.41142898;357.77273229;339.01592078;352.18324474;14381086966.4;39707914545.58389;112747880.94;"2020-09-25T23:59:59.999Z"
"2020-09-26T00:00:00.000Z";"2020-09-26T23:59:59.999Z";"2020-09-26T06:22:34.000Z";"2020-09-26T14:01:34.000Z";"2781";352.35088228;355.8547722;348.10712132;355.48809037;13049148578.63;40085290850.31678;112761276.5;"2020-09-26T23:59:59.999Z"
"2020-09-27T00:00:00.000Z";"2020-09-27T23:59:59.999Z";"2020-09-27T04:51:57.000Z";"2020-09-27T12:06:49.000Z";"2781";354.95990364;361.98439917;349.8340809;357.43849724;13598126926.22;40309981003.8054;112774592.87;"2020-09-27T23:59:59.999Z"
"2020-09-28T00:00:00.000Z";"2020-09-28T23:59:59.999Z";"2020-09-28T17:36:35.000Z";"2020-09-28T23:51:35.000Z";"2781";357.92592143;366.43217282;354.54764955;355.15942359;14258455166.17;40057637361.28107;112787764.31;"2020-09-28T23:59:59.999Z"
"2020-09-29T00:00:00.000Z";"2020-09-29T23:59:59.999Z";"2020-09-29T23:39:58.000Z";"2020-09-29T06:06:42.000Z";"2781";354.36299867;360.35337688;352.14686547;359.75739393;11600013236.4;40581050364.06368;112801157.25;"2020-09-29T23:59:59.999Z"
"2020-09-30T00:00:00.000Z";"2020-09-30T23:59:59.999Z";"2020-09-30T23:26:35.000Z";"2020-09-30T11:46:35.000Z";"2781";360.03851516;361.17877475;353.32794307;359.93787376;11818610609.91;40606130497.96264;112814275.62;"2020-09-30T23:59:59.999Z"
"2020-10-01T00:00:00.000Z";"2020-10-01T23:59:59.999Z";"2020-10-01T08:31:36.000Z";"2020-10-01T18:04:34.000Z";"2781";360.30915387;369.26441153;346.47704424;353.20591482;14679481910.9;39851388059.37965;112827635.06;"2020-10-01T23:59:59.999Z"
"2020-10-02T00:00:00.000Z";"2020-10-02T23:59:59.999Z";"2020-10-02T04:01:36.000Z";"2020-10-02T10:26:33.000Z";"2781";352.94966671;354.11542445;336.46715072;346.2389138;14215390462.62;39069960289.619;112841043.37;"2020-10-02T23:59:59.999Z"
"2020-10-03T00:00:00.000Z";"2020-10-03T23:59:59.999Z";"2020-10-03T19:17:35.000Z";"2020-10-03T00:51:41.000Z";"2781";346.21862615;351.30770267;344.66657351;346.52208572;10060167888.73;39106512853.707;112854315.69;"2020-10-03T23:59:59.999Z"
"2020-10-04T00:00:00.000Z";"2020-10-04T23:59:59.999Z";"2020-10-04T20:07:39.000Z";"2020-10-04T02:21:34.000Z";"2781";346.60224072;354.04575338;345.13102069;352.5790067;10696959019.87;39794771395.67335;112867671.19;"2020-10-04T23:59:59.999Z"
"2020-10-05T00:00:00.000Z";"2020-10-05T23:59:59.999Z";"2020-10-05T00:27:46.000Z";"2020-10-05T06:26:35.000Z";"2781";352.73681335;355.21408732;349.67990382;353.95677154;11809507621.82;39954971652.353264;112880935.94;"2020-10-05T23:59:59.999Z"
"2020-10-06T00:00:00.000Z";"2020-10-06T23:59:59.999Z";"2020-10-06T04:44:36.000Z";"2020-10-06T21:03:35.000Z";"2781";353.9564786;354.98901089;338.00330599;340.81584538;12830796111.97;38476195645.38716;112894386.12;"2020-10-06T23:59:59.999Z"
"2020-10-07T00:00:00.000Z";"2020-10-07T23:59:59.999Z";"2020-10-07T15:26:35.000Z";"2020-10-07T01:43:35.000Z";"2781";340.94309675;342.45083035;334.54556532;341.80866898;11929918060.02;38592810957.35199;112907642.37;"2020-10-07T23:59:59.999Z"
"2020-10-08T00:00:00.000Z";"2020-10-08T23:59:59.999Z";"2020-10-08T20:08:36.000Z";"2020-10-08T09:01:39.000Z";"2781";342.04464056;352.21147935;335.64747907;350.76615934;13461017711.46;39608808456.55196;112920837.44;"2020-10-08T23:59:59.999Z"
"2020-10-09T00:00:00.000Z";"2020-10-09T23:59:59.999Z";"2020-10-09T23:26:35.000Z";"2020-10-09T06:16:34.000Z";"2781";351.11287601;368.31034262;348.20584341;365.59047723;13043501762.91;41287658659.50327;112934174.25;"2020-10-09T23:59:59.999Z"
"2020-10-10T00:00:00.000Z";"2020-10-10T23:59:59.999Z";"2020-10-10T03:26:35.000Z";"2020-10-10T00:01:37.000Z";"2781";365.40246353;378.26715439;365.35404174;370.96758819;13618484323.7;41899893524.12289;112947585.87;"2020-10-10T23:59:59.999Z"
"2020-10-11T00:00:00.000Z";"2020-10-11T23:59:59.999Z";"2020-10-11T11:03:34.000Z";"2020-10-11T00:51:48.000Z";"2781";370.92844542;377.24679039;369.82802948;375.14204941;12584512533;42376475414.90144;112961144.94;"2020-10-11T23:59:59.999Z"
"2020-10-12T00:00:00.000Z";"2020-10-12T23:59:59.999Z";"2020-10-12T22:28:34.000Z";"2020-10-12T12:01:35.000Z";"2781";374.79874473;395.12214851;366.64234153;387.7312655;15867455423.69;43805601681.190834;112979286.37;"2020-10-12T23:59:59.999Z"
"2020-10-13T00:00:00.000Z";"2020-10-13T23:59:59.999Z";"2020-10-13T00:21:34.000Z";"2020-10-13T14:19:35.000Z";"2781";387.14295868;387.37567314;375.58246671;381.19076126;14226744837.67;43072303017.794106;112994089.56;"2020-10-13T23:59:59.999Z"
"2020-10-14T00:00:00.000Z";"2020-10-14T23:59:59.999Z";"2020-10-14T14:04:39.000Z";"2020-10-14T18:41:36.000Z";"2781";381.97145394;387.29617035;374.17501021;379.48403791;13918846566.59;42884585295.289;113007613;"2020-10-14T23:59:59.999Z"
"2020-10-15T00:00:00.000Z";"2020-10-15T23:59:59.999Z";"2020-10-15T06:44:35.000Z";"2020-10-15T12:17:35.000Z";"2781";379.19222482;381.20878558;371.35411896;377.44184574;14964182545.5;42659015495.38777;113021425.62;"2020-10-15T23:59:59.999Z"
"2020-10-16T00:00:00.000Z";"2020-10-16T23:59:59.999Z";"2020-10-16T02:01:35.000Z";"2020-10-16T09:21:41.000Z";"2781";377.86850734;380.02150446;362.59741817;366.22901728;14670784817.43;41396681082.8815;113034956.62;"2020-10-16T23:59:59.999Z"
"2020-10-17T00:00:00.000Z";"2020-10-17T23:59:59.999Z";"2020-10-17T15:06:34.000Z";"2020-10-17T00:42:44.000Z";"2781";366.01571359;369.76813374;364.48902408;368.85594038;10951115359.49;41698592885.62688;113048451.5;"2020-10-17T23:59:59.999Z"
"2020-10-18T00:00:00.000Z";"2020-10-18T23:59:59.999Z";"2020-10-18T23:18:34.000Z";"2020-10-18T00:06:34.000Z";"2781";368.727532;378.59764251;368.12915441;378.21369795;11047103109.42;42761561163.7144;113061904.94;"2020-10-18T23:59:59.999Z"
"2020-10-19T00:00:00.000Z";"2020-10-19T23:59:59.999Z";"2020-10-19T16:08:34.000Z";"2020-10-19T05:42:35.000Z";"2781";378.46963677;383.31766175;373.7022567;379.93560927;12811242091.79;42961460205.991325;113075634.81;"2020-10-19T23:59:59.999Z"
"2020-10-20T00:00:00.000Z";"2020-10-20T23:59:59.999Z";"2020-10-20T03:51:34.000Z";"2020-10-20T20:18:34.000Z";"2781";379.71970042;380.76100319;367.60106147;369.13691491;13741586581.76;41745418861.36119;113089255.44;"2020-10-20T23:59:59.999Z"
"2020-10-21T00:00:00.000Z";"2020-10-21T23:59:59.999Z";"2020-10-21T23:01:41.000Z";"2020-10-21T00:11:34.000Z";"2781";369.05943203;400.62725335;368.72795616;392.18996695;20241324322.32;44354670581.87589;113094863;"2020-10-21T23:59:59.999Z"
"2020-10-22T00:00:00.000Z";"2020-10-22T23:59:59.999Z";"2020-10-22T22:23:34.000Z";"2020-10-22T00:04:35.000Z";"2781";391.48861746;420.14165637;391.27631152;413.77299269;15772846484.71;46795599920.856316;113094863;"2020-10-22T23:59:59.999Z"
"2020-10-23T00:00:00.000Z";"2020-10-23T23:59:59.999Z";"2020-10-23T11:22:14.000Z";"2020-10-23T16:43:14.000Z";"2781";414.05132696;418.95993444;403.08202999;409.76669164;14256222051.85;46356841439.75874;113129842.87;"2020-10-23T23:59:59.999Z"
"2020-10-24T00:00:00.000Z";"2020-10-24T23:59:59.999Z";"2020-10-24T15:08:14.000Z";"2020-10-24T00:31:13.000Z";"2781";409.76723415;416.59965573;407.85173005;412.45761883;12201739193.97;46666915712.11682;113143541.5;"2020-10-24T23:59:59.999Z"
"2020-10-25T00:00:00.000Z";"2020-10-25T23:59:59.999Z";"2020-10-25T04:42:14.000Z";"2020-10-25T22:47:14.000Z";"2781";412.45763097;417.15920556;405.35065889;406.2177613;10890207469.02;45966378924.705185;113156989.44;"2020-10-25T23:59:59.999Z"
"2020-10-26T00:00:00.000Z";"2020-10-26T23:59:59.999Z";"2020-10-26T03:16:14.000Z";"2020-10-26T17:46:14.000Z";"2781";406.21798565;411.2798721;383.78290059;393.88831313;15155684229.2;44576504573.78982;113170416.81;"2020-10-26T23:59:59.999Z"
"2020-10-27T00:00:00.000Z";"2020-10-27T23:59:59.999Z";"2020-10-27T17:40:23.000Z";"2020-10-27T09:40:17.000Z";"2781";393.88819811;409.77285979;390.60844684;403.99704505;13940434101.86;45726046137.41053;113184110.37;"2020-10-27T23:59:59.999Z"
"2020-10-28T00:00:00.000Z";"2020-10-28T23:59:59.999Z";"2020-10-28T01:46:14.000Z";"2020-10-28T17:22:14.000Z";"2781";403.99708885;408.96473841;381.14631847;388.65077072;15276441134.25;43994384279.67717;113197728.12;"2020-10-28T23:59:59.999Z"
"2020-10-29T00:00:00.000Z";"2020-10-29T23:59:59.999Z";"2020-10-29T16:36:14.000Z";"2020-10-29T12:31:14.000Z";"2781";388.65106757;393.22768234;381.28874857;386.7301135;12920477749.4;43782246356.04649;113211371;"2020-10-29T23:59:59.999Z"
"2020-10-30T00:00:00.000Z";"2020-10-30T23:59:59.999Z";"2020-10-30T01:13:14.000Z";"2020-10-30T09:16:14.000Z";"2781";386.73024915;391.46472807;375.09240681;382.81999199;13688056969.67;43344676042.68595;113224692.94;"2020-10-30T23:59:59.999Z"
"2020-10-31T00:00:00.000Z";"2020-10-31T23:59:59.999Z";"2020-10-31T10:07:14.000Z";"2020-10-31T00:20:13.000Z";"2781";382.82003692;393.01012552;381.295271;386.59033529;11276963425.95;43776829150.3753;113238291.69;"2020-10-31T23:59:59.999Z"
"2020-11-01T00:00:00.000Z";"2020-11-01T23:59:59.999Z";"2020-11-01T21:19:14.000Z";"2020-11-01T04:19:14.000Z";"2781";386.5903379;397.11613412;385.16551356;396.35818693;10475146018.4;44888307221.40616;113251873.44;"2020-11-01T23:59:59.999Z"
"2020-11-02T00:00:00.000Z";"2020-11-02T23:59:59.999Z";"2020-11-02T00:46:14.000Z";"2020-11-02T12:43:14.000Z";"2781";396.35599261;403.24074361;381.01764016;383.15673256;13997574252.23;43398380100.69452;113265346.56;"2020-11-02T23:59:59.999Z"
"2020-11-03T00:00:00.000Z";"2020-11-03T23:59:59.999Z";"2020-11-03T23:33:14.000Z";"2020-11-03T04:35:15.000Z";"2781";383.15604785;389.51539403;371.31273818;387.60217328;12588494762.18;43907159817.48543;113278930.94;"2020-11-03T23:59:59.999Z"
"2020-11-04T00:00:00.000Z";"2020-11-04T23:59:59.999Z";"2020-11-04T17:29:15.000Z";"2020-11-04T08:08:13.000Z";"2781";387.60321316;407.66566108;377.82761204;402.14199843;15126077675.48;45559668259.44851;113292489.81;"2020-11-04T23:59:59.999Z"
"2020-11-05T00:00:00.000Z";"2020-11-05T23:59:59.999Z";"2020-11-05T23:14:13.000Z";"2020-11-05T09:19:15.000Z";"2781";402.14293982;417.52592866;397.24582788;414.06733818;15440711037.68;46916321971.21267;113306019.69;"2020-11-05T23:59:59.999Z"
"2020-11-06T00:00:00.000Z";"2020-11-06T23:59:59.999Z";"2020-11-06T23:09:13.000Z";"2020-11-06T00:10:13.000Z";"2781";414.06671193;456.20061826;412.98230088;454.71929029;16738305610.45;51528636308.39724;113319662.06;"2020-11-06T23:59:59.999Z"
"2020-11-07T00:00:00.000Z";"2020-11-07T23:59:59.999Z";"2020-11-07T01:56:13.000Z";"2020-11-07T20:11:13.000Z";"2781";454.72255187;465.67547017;428.45635273;435.71313513;18873289788.27;49380744877.99334;113333156.37;"2020-11-07T23:59:59.999Z"
"2020-11-08T00:00:00.000Z";"2020-11-08T23:59:59.999Z";"2020-11-08T18:08:13.000Z";"2020-11-08T00:14:13.000Z";"2781";435.71880588;457.78046711;433.15377189;453.55478553;11292383601.23;51408911249.96529;113346640.56;"2020-11-08T23:59:59.999Z"
"2020-11-09T00:00:00.000Z";"2020-11-09T23:59:59.999Z";"2020-11-09T12:01:14.000Z";"2020-11-09T16:16:14.000Z";"2781";453.57415606;457.3496084;435.16388611;444.16305707;13704320629.67;50350406402.27335;113360185.19;"2020-11-09T23:59:59.999Z"
"2020-11-10T00:00:00.000Z";"2020-11-10T23:59:59.999Z";"2020-11-10T09:23:13.000Z";"2020-11-10T00:24:14.000Z";"2781";444.1663887;453.75837001;439.60013092;449.67962112;12090381666.3;50981825541.89314;113373662.37;"2020-11-10T23:59:59.999Z"
"2020-11-11T00:00:00.000Z";"2020-11-11T23:59:59.999Z";"2020-11-11T18:50:25.000Z";"2020-11-11T00:07:13.000Z";"2781";449.67967125;473.57885205;449.52494523;462.96052774;14075403511.08;52493805531.739815;113387216.37;"2020-11-11T23:59:59.999Z"
"2020-11-12T00:00:00.000Z";"2020-11-12T23:59:59.999Z";"2020-11-12T10:08:13.000Z";"2020-11-12T18:27:13.000Z";"2781";462.95952416;467.67783699;452.07241718;461.00527114;12877327233.68;52278353037.571045;113400770.69;"2020-11-12T23:59:59.999Z"
"2020-11-13T00:00:00.000Z";"2020-11-13T23:59:59.999Z";"2020-11-13T22:46:13.000Z";"2020-11-13T07:37:13.000Z";"2781";461.00549147;475.21725299;457.29825652;474.62642092;13191505724.74;53829432990.090485;113414320.44;"2020-11-13T23:59:59.999Z"
"2020-11-14T00:00:00.000Z";"2020-11-14T23:59:59.999Z";"2020-11-14T00:04:14.000Z";"2020-11-14T17:19:13.000Z";"2781";474.62642179;475.16142708;452.98607958;460.14983674;10312037942.27;52193800907.034645;113427837.5;"2020-11-14T23:59:59.999Z"
"2020-11-15T00:00:00.000Z";"2020-11-15T23:59:59.999Z";"2020-11-15T00:25:13.000Z";"2020-11-15T22:27:14.000Z";"2781";460.14988916;460.99407703;440.25434243;447.55909533;10308617164.81;50771836456.38847;113441637.06;"2020-11-15T23:59:59.999Z"
"2020-11-16T00:00:00.000Z";"2020-11-16T23:59:59.999Z";"2020-11-16T21:14:13.000Z";"2020-11-16T00:25:14.000Z";"2781";447.55898086;463.83103894;445.50163163;459.94031258;11441239444.33;52182517296.90649;113454976.37;"2020-11-16T23:59:59.999Z"
"2020-11-17T00:00:00.000Z";"2020-11-17T23:59:59.999Z";"2020-11-17T20:20:28.000Z";"2020-11-17T04:02:13.000Z";"2781";464.40665118;482.23221838;460.77662343;480.36008258;14593057876.6;54505786216.15968;113468600.31;"2020-11-17T23:59:59.999Z"
"2020-11-18T00:00:00.000Z";"2020-11-18T23:59:59.999Z";"2020-11-18T05:16:14.000Z";"2020-11-18T05:50:15.000Z";"2781";480.34683016;491.99990325;465.8309737;479.48406975;17880199224.07;54412825617.026535;113482030.06;"2020-11-18T23:59:59.999Z"
"2020-11-19T00:00:00.000Z";"2020-11-19T23:59:59.999Z";"2020-11-19T02:03:14.000Z";"2020-11-19T09:57:14.000Z";"2781";479.48102101;480.12172263;465.70424953;471.63041968;12473929217.9;53528035617.425156;113495723.31;"2020-11-19T23:59:59.999Z"
"2020-11-20T00:00:00.000Z";"2020-11-20T23:59:59.999Z";"2020-11-20T18:02:13.000Z";"2020-11-20T00:00:13.000Z";"2781";471.63145935;513.61033995;471.63145935;509.74457334;18629943296.2;57860686203.59356;113509175.44;"2020-11-20T23:59:59.999Z"
"2020-11-21T00:00:00.000Z";"2020-11-21T23:59:59.999Z";"2020-11-21T23:57:14.000Z";"2020-11-21T04:10:15.000Z";"2781";509.74458412;550.22738913;504.23775024;549.48662086;20757099183.91;62379287098.845634;113522849.75;"2020-11-21T23:59:59.999Z"
"2020-11-22T00:00:00.000Z";"2020-11-22T23:59:59.999Z";"2020-11-22T22:35:29.000Z";"2020-11-22T11:57:13.000Z";"2781";549.4866253;579.37247598;514.51718809;558.06809523;21967049601.05;63361036975.498276;113536390.12;"2020-11-22T23:59:59.999Z"
"2020-11-23T00:00:00.000Z";"2020-11-23T23:59:59.999Z";"2020-11-23T22:58:14.000Z";"2020-11-23T01:07:13.000Z";"2781";558.05952521;609.98760285;551.26522877;608.45402857;27272302871.86;69089845802.23105;113549820.62;"2020-11-23T23:59:59.999Z"
"2020-11-24T00:00:00.000Z";"2020-11-24T23:59:59.999Z";"2020-11-24T08:55:17.000Z";"2020-11-24T12:55:18.000Z";"2781";608.5227842;621.17342049;593.83516169;603.89774601;23281758099.84;68580780139.356224;113563563.69;"2020-11-24T23:59:59.999Z"
"2020-11-25T00:00:00.000Z";"2020-11-25T23:59:59.999Z";"2020-11-25T00:04:13.000Z";"2020-11-25T23:22:14.000Z";"2781";603.90206056;605.09416818;559.67138671;570.68661621;20088492892.58;64816875592.54139;113577003.12;"2020-11-25T23:59:59.999Z"
"2020-11-26T00:00:00.000Z";"2020-11-26T23:59:59.999Z";"2020-11-26T00:51:14.000Z";"2020-11-26T17:28:14.000Z";"2781";570.51490943;575.64150407;485.49730724;518.80117389;31104004592.48;58930920928.50098;113590569.75;"2020-11-26T23:59:59.999Z"
"2020-11-27T00:00:00.000Z";"2020-11-27T23:59:59.999Z";"2020-11-27T01:37:14.000Z";"2020-11-27T16:03:15.000Z";"2781";519.10809996;530.777145;497.24262386;517.49368769;16831105702.97;58789344388.97764;113603983.56;"2020-11-27T23:59:59.999Z"
"2020-11-28T00:00:00.000Z";"2020-11-28T23:59:59.999Z";"2020-11-28T20:19:13.000Z";"2020-11-28T09:04:14.000Z";"2781";517.5973661;548.04486042;508.12536163;538.22980058;14770243833.19;61152393529.21103;113617628.5;"2020-11-28T23:59:59.999Z"
"2020-11-29T00:00:00.000Z";"2020-11-29T23:59:59.999Z";"2020-11-29T23:28:14.000Z";"2020-11-29T01:43:14.000Z";"2781";538.26458638;576.60239728;531.98753715;575.75804789;15017517758.17;65424084296.28932;113631211.12;"2020-11-29T23:59:59.999Z"
"2020-11-30T00:00:00.000Z";"2020-11-30T23:59:59.999Z";"2020-11-30T23:55:30.000Z";"2020-11-30T09:42:14.000Z";"2781";575.75708438;615.24053897;571.53775295;614.84252202;20276867832.97;69873714778.47928;113644896.5;"2020-11-30T23:59:59.999Z"
"2020-12-01T00:00:00.000Z";"2020-12-01T23:59:59.999Z";"2020-12-01T11:19:13.000Z";"2020-12-01T12:28:13.000Z";"2781";615.07032475;635.16058182;571.75396631;587.32418713;27178964464.9;66754367842.12409;113658468.87;"2020-12-01T23:59:59.999Z"
"2020-12-02T00:00:00.000Z";"2020-12-02T23:59:59.999Z";"2020-12-02T09:28:14.000Z";"2020-12-02T00:07:14.000Z";"2781";587.26159206;604.02247139;578.74101499;598.35234223;16883292129.41;68015797685.32552;113671816.56;"2020-12-02T23:59:59.999Z"
"2020-12-03T00:00:00.000Z";"2020-12-03T23:59:59.999Z";"2020-12-03T16:04:14.000Z";"2020-12-03T06:01:14.000Z";"2781";598.45920279;622.45267042;588.34637382;616.70875486;16146190946.43;70110808537.54408;113685443.87;"2020-12-03T23:59:59.999Z"
"2020-12-04T00:00:00.000Z";"2020-12-04T23:59:59.999Z";"2020-12-04T00:40:14.000Z";"2020-12-04T23:01:14.000Z";"2781";616.72280206;618.98313731;569.2834906;569.35419749;16337589996.9;64734997134.67744;113698989.87;"2020-12-04T23:59:59.999Z"
"2020-12-05T00:00:00.000Z";"2020-12-05T23:59:59.999Z";"2020-12-05T23:59:14.000Z";"2020-12-05T00:08:14.000Z";"2781";569.34764334;596.59547474;563.10664698;596.59547474;13498010566.22;67840334209.490234;113712451.87;"2020-12-05T23:59:59.999Z"
"2020-12-06T00:00:00.000Z";"2020-12-06T23:59:59.999Z";"2020-12-06T01:19:14.000Z";"2020-12-06T13:49:13.000Z";"2781";596.5686842;606.79192258;584.41171408;601.90899244;11290893016.09;68452719868.01412;113726029.56;"2020-12-06T23:59:59.999Z"
"2020-12-07T00:00:00.000Z";"2020-12-07T23:59:59.999Z";"2020-12-07T00:10:14.000Z";"2020-12-07T18:49:14.000Z";"2781";601.79709521;602.91792689;585.42865927;591.84337934;10720480961.53;67315962016.450554;113739486.44;"2020-12-07T23:59:59.999Z"
"2020-12-08T00:00:00.000Z";"2020-12-08T23:59:59.999Z";"2020-12-08T06:01:13.000Z";"2020-12-08T23:16:14.000Z";"2781";591.90083407;594.75156541;552.46924616;554.82775708;14398919320.07;63113292236.578674;113752946.62;"2020-12-08T23:59:59.999Z"
"2020-12-09T00:00:00.000Z";"2020-12-09T23:59:59.999Z";"2020-12-09T21:13:14.000Z";"2020-12-09T08:39:15.000Z";"2781";554.7929235;577.28841046;532.99842827;573.47911163;15855915839.91;65242758700.21787;113766582.56;"2020-12-09T23:59:59.999Z"
"2020-12-10T00:00:00.000Z";"2020-12-10T23:59:59.999Z";"2020-12-10T00:04:14.000Z";"2020-12-10T15:18:14.000Z";"2781";573.50403889;574.60014515;549.78405605;559.67850106;11672582039.83;63680254164.817955;113780061.31;"2020-12-10T23:59:59.999Z"
"2020-12-11T00:00:00.000Z";"2020-12-11T23:59:59.999Z";"2020-12-11T00:04:13.000Z";"2020-12-11T11:40:18.000Z";"2781";559.67922887;560.37670228;537.8116512;545.79734103;11098819124.36;62108208317.23196;113793534.06;"2020-12-11T23:59:59.999Z"
"2020-12-12T00:00:00.000Z";"2020-12-12T23:59:59.999Z";"2020-12-12T22:46:14.000Z";"2020-12-12T00:01:14.000Z";"2781";545.57856237;573.33944367;545.24559945;568.56731778;8534557897.35;64706942225.99528;113807002.62;"2020-12-12T23:59:59.999Z"
"2020-12-13T00:00:00.000Z";"2020-12-13T23:59:59.999Z";"2020-12-13T16:25:28.000Z";"2020-12-13T02:17:14.000Z";"2781";568.60986549;593.78124512;564.56599324;589.6632225;9070377861.78;67115726662.02899;113820438.69;"2020-12-13T23:59:59.999Z"
"2020-12-14T00:00:00.000Z";"2020-12-14T23:59:59.999Z";"2020-12-14T03:14:14.000Z";"2020-12-14T13:23:14.000Z";"2781";589.78248016;590.49295689;577.11843169;586.01115197;8125837101.54;66708003325.04708;113834016.81;"2020-12-14T23:59:59.999Z"
"2020-12-15T00:00:00.000Z";"2020-12-15T23:59:59.999Z";"2020-12-15T02:16:14.000Z";"2020-12-15T05:19:13.000Z";"2781";586.02178289;596.24772777;580.62877239;589.35560245;9326645839.95;67096668321.69698;113847510.81;"2020-12-15T23:59:59.999Z"
"2020-12-16T00:00:00.000Z";"2020-12-16T23:59:59.999Z";"2020-12-16T23:19:14.000Z";"2020-12-16T04:36:13.000Z";"2781";589.37866405;636.6403226;582.03913098;636.18184867;15817248372.94;72436347872.16913;113861072.94;"2020-12-16T23:59:59.999Z"
"2020-12-17T00:00:00.000Z";"2020-12-17T23:59:59.999Z";"2020-12-17T16:25:28.000Z";"2020-12-17T21:25:31.000Z";"2781";636.15415504;673.83423223;628.74940968;642.86896702;25479532147.2;73206412680.50867;113874547.44;"2020-12-17T23:59:59.999Z"
"2020-12-18T00:00:00.000Z";"2020-12-18T23:59:59.999Z";"2020-12-18T10:08:14.000Z";"2020-12-18T00:34:15.000Z";"2781";642.91702204;662.69911928;632.35607476;654.81192689;15756303982.87;74575304994.55286;113888128.69;"2020-12-18T23:59:59.999Z"
"2020-12-19T00:00:00.000Z";"2020-12-19T23:59:59.999Z";"2020-12-19T17:14:13.000Z";"2020-12-19T01:32:13.000Z";"2781";654.62422918;668.76956219;646.61623951;659.29792646;12830893777.76;75095087629.00385;113901598.37;"2020-12-19T23:59:59.999Z"
"2020-12-20T00:00:00.000Z";"2020-12-20T23:59:59.999Z";"2020-12-20T09:44:13.000Z";"2020-12-20T22:04:14.000Z";"2781";659.18504794;659.92368345;625.01446125;638.29084637;13375855441.56;72711065644.97649;113915256.75;"2020-12-20T23:59:59.999Z"
"2020-12-21T00:00:00.000Z";"2020-12-21T23:59:59.999Z";"2020-12-21T04:22:13.000Z";"2020-12-21T12:13:14.000Z";"2781";638.31518077;646.84656496;600.8360442;609.81787165;14419493620.66;69475834114.53963;113928825.87;"2020-12-21T23:59:59.999Z"
"2020-12-22T00:00:00.000Z";"2020-12-22T23:59:59.999Z";"2020-12-22T23:56:13.000Z";"2020-12-22T08:31:13.000Z";"2781";609.42055968;635.07660067;589.55199376;634.85419947;14745890080.16;72336758959.73206;113942317.81;"2020-12-22T23:59:59.999Z"
"2020-12-23T00:00:00.000Z";"2020-12-23T23:59:59.999Z";"2020-12-23T01:01:14.000Z";"2020-12-23T22:25:35.000Z";"2781";634.82458741;637.12280346;560.36424195;583.71459689;15261413038.26;66517758494.159546;113955962.12;"2020-12-23T23:59:59.999Z"
"2020-12-24T00:00:00.000Z";"2020-12-24T23:59:59.999Z";"2020-12-24T22:46:14.000Z";"2020-12-24T00:46:14.000Z";"2781";584.13564707;613.81516598;568.59637875;611.60718693;14317413702.73;69704465559.66194;113969336.94;"2020-12-24T23:59:59.999Z"
"2020-12-25T00:00:00.000Z";"2020-12-25T23:59:59.999Z";"2020-12-25T11:37:14.000Z";"2020-12-25T03:56:14.000Z";"2781";611.55459305;633.0614188;605.42441235;626.41070163;13520927699.53;71400061459.62726;113982825.12;"2020-12-25T23:59:59.999Z"
"2020-12-26T00:00:00.000Z";"2020-12-26T23:59:59.999Z";"2020-12-26T21:13:14.000Z";"2020-12-26T11:19:14.000Z";"2781";626.49803032;650.721411;617.40207635;635.83583086;14761125202.37;72483025274.85342;113996446.5;"2020-12-26T23:59:59.999Z"
"2020-12-27T00:00:00.000Z";"2020-12-27T23:59:59.999Z";"2020-12-27T16:11:37.000Z";"2020-12-27T11:43:14.000Z";"2781";635.88715839;711.39355522;628.33495138;682.6423591;26093552820.75;77828069141.04636;114010020.19;"2020-12-27T23:59:59.999Z"
"2020-12-28T00:00:00.000Z";"2020-12-28T23:59:59.999Z";"2020-12-28T19:46:14.000Z";"2020-12-28T00:00:14.000Z";"2781";683.2058149;745.87776599;683.2058149;730.39736483;24222565862.36;83282601744.92747;114023688.69;"2020-12-28T23:59:59.999Z"
"2020-12-29T00:00:00.000Z";"2020-12-29T23:59:59.999Z";"2020-12-29T00:11:14.000Z";"2020-12-29T05:28:14.000Z";"2781";730.35868417;737.95290336;692.14943811;731.52011874;18710683199.36;83420334908.86484;114036966;"2020-12-29T23:59:59.999Z"
"2020-12-30T00:00:00.000Z";"2020-12-30T23:59:59.999Z";"2020-12-30T21:20:35.000Z";"2020-12-30T12:10:34.000Z";"2781";731.47284482;754.30323417;720.98887482;751.61897194;17294574209.51;85722581848.92598;114050582.87;"2020-12-30T23:59:59.999Z"
"2020-12-31T00:00:00.000Z";"2020-12-31T23:59:59.999Z";"2020-12-31T00:20:14.000Z";"2020-12-31T13:16:26.000Z";"2781";751.62664329;754.29943982;726.51190829;737.80339769;13926846860.64;84156810764.80739;114064005.44;"2020-12-31T23:59:59.999Z"